,tension,tiempo
0,0.552,-0.18
1,0.552,-0.178
2,0.552,-0.176
3,0.552,-0.174
4,0.552,-0.172
5,0.552,-0.16999999999999998
6,0.552,-0.16799999999999998
7,0.552,-0.16599999999999998
8,0.552,-0.16399999999999998
9,0.552,-0.16199999999999998
10,0.56,-0.16
11,0.552,-0.158
12,0.552,-0.156
13,0.552,-0.154
14,0.552,-0.152
15,0.56,-0.15
16,0.56,-0.148
17,0.552,-0.146
18,0.552,-0.144
19,0.552,-0.142
20,0.552,-0.13999999999999999
21,0.552,-0.13799999999999998
22,0.552,-0.136
23,0.552,-0.134
24,0.552,-0.132
25,0.552,-0.13
26,0.552,-0.128
27,0.552,-0.126
28,0.552,-0.124
29,0.552,-0.122
30,0.552,-0.12
31,0.552,-0.118
32,0.552,-0.11599999999999999
33,0.544,-0.11399999999999999
34,0.544,-0.11199999999999999
35,0.544,-0.10999999999999999
36,0.552,-0.10799999999999998
37,0.552,-0.106
38,0.552,-0.104
39,0.552,-0.102
40,0.56,-0.09999999999999999
41,0.552,-0.09799999999999999
42,0.552,-0.09599999999999999
43,0.552,-0.09399999999999999
44,0.552,-0.092
45,0.552,-0.09
46,0.552,-0.088
47,0.552,-0.086
48,0.552,-0.08399999999999999
49,0.552,-0.08199999999999999
50,0.56,-0.07999999999999999
51,0.552,-0.07799999999999999
52,0.56,-0.07599999999999998
53,0.552,-0.074
54,0.552,-0.072
55,0.552,-0.06999999999999999
56,0.552,-0.06799999999999999
57,0.552,-0.06599999999999999
58,0.56,-0.06399999999999999
59,0.552,-0.061999999999999986
60,0.552,-0.06
61,0.552,-0.057999999999999996
62,0.552,-0.055999999999999994
63,0.552,-0.05399999999999999
64,0.544,-0.05199999999999999
65,0.552,-0.04999999999999999
66,0.552,-0.04799999999999999
67,0.552,-0.045999999999999985
68,0.552,-0.043999999999999984
69,0.552,-0.04199999999999998
70,0.552,-0.03999999999999998
71,0.552,-0.03799999999999998
72,0.544,-0.035999999999999976
73,0.552,-0.034
74,0.552,-0.032
75,0.552,-0.03
76,0.552,-0.027999999999999997
77,0.552,-0.025999999999999995
78,0.56,-0.023999999999999994
79,0.56,-0.021999999999999992
80,0.56,-0.01999999999999999
81,0.552,-0.017999999999999988
82,0.552,-0.015999999999999986
83,0.552,-0.013999999999999985
84,0.552,-0.011999999999999983
85,0.552,-0.009999999999999981
86,0.552,-0.00799999999999998
87,0.544,-0.005999999999999978
88,0.448,-0.0040000000000000036
89,0.64,-0.0020000000000000018
90,0.776,0.0
91,0.864,0.0020000000000000018
92,0.8,0.0040000000000000036
93,0.72,0.006000000000000005
94,0.8240000000000001,0.008000000000000007
95,0.88,0.010000000000000009
96,0.936,0.01200000000000001
97,0.872,0.014000000000000012
98,0.776,0.016000000000000014
99,0.792,0.018000000000000016
100,0.784,0.020000000000000018
101,0.848,0.02200000000000002
102,0.752,0.02400000000000002
103,0.6,0.026000000000000023
104,0.504,0.028000000000000025
105,0.488,0.03
106,0.544,0.032
107,0.456,0.034
108,0.328,0.036000000000000004
109,0.256,0.038000000000000006
110,0.232,0.04000000000000001
111,0.296,0.04200000000000001
112,0.272,0.04400000000000001
113,0.24,0.04600000000000001
114,0.192,0.048000000000000015
115,0.184,0.05000000000000002
116,0.256,0.05200000000000002
117,0.296,0.05400000000000002
118,0.34400000000000003,0.05600000000000002
119,0.304,0.058000000000000024
120,0.36,0.06
121,0.448,0.062
122,0.552,0.064
123,0.64,0.066
124,0.656,0.068
125,0.6960000000000001,0.07
126,0.736,0.07200000000000001
127,0.792,0.07400000000000001
128,0.8320000000000001,0.07600000000000001
129,0.84,0.07800000000000001
130,0.84,0.08000000000000002
131,0.8240000000000001,0.08200000000000002
132,0.84,0.08400000000000002
133,0.8320000000000001,0.08600000000000002
134,0.8160000000000001,0.08800000000000002
135,0.768,0.09000000000000002
136,0.712,0.09200000000000003
137,0.664,0.09400000000000003
138,0.632,0.09600000000000003
139,0.6,0.09800000000000003
140,0.496,0.10000000000000003
141,0.4,0.10200000000000004
142,0.304,0.10400000000000004
143,0.28800000000000003,0.10600000000000004
144,0.296,0.10800000000000004
145,0.264,0.10999999999999999
146,0.216,0.11199999999999999
147,0.176,0.11399999999999999
148,0.184,0.11599999999999999
149,0.224,0.118
150,0.272,0.12
151,0.264,0.122
152,0.24,0.124
153,0.264,0.126
154,0.368,0.128
155,0.496,0.13
156,0.552,0.132
157,0.544,0.134
158,0.5680000000000001,0.136
159,0.6880000000000001,0.138
160,0.784,0.14
161,0.8160000000000001,0.14200000000000002
162,0.8,0.14400000000000002
163,0.784,0.14600000000000002
164,0.808,0.14800000000000002
165,0.864,0.15000000000000002
166,0.872,0.15200000000000002
167,0.8160000000000001,0.15400000000000003
168,0.752,0.15600000000000003
169,0.728,0.15800000000000003
170,0.752,0.16000000000000003
171,0.728,0.16200000000000003
172,0.632,0.16400000000000003
173,0.488,0.16600000000000004
174,0.41600000000000004,0.16800000000000004
175,0.424,0.17000000000000004
176,0.40800000000000003,0.172
177,0.328,0.174
178,0.232,0.176
179,0.2,0.178
180,0.224,0.18
181,0.24,0.182
182,0.232,0.184
183,0.2,0.186
184,0.192,0.188
185,0.232,0.19
186,0.304,0.192
187,0.368,0.194
188,0.368,0.196
189,0.4,0.198
190,0.47200000000000003,0.2
191,0.584,0.202
192,0.68,0.20400000000000001
193,0.704,0.20600000000000002
194,0.72,0.20800000000000002
195,0.752,0.21000000000000002
196,0.8,0.21200000000000002
197,0.84,0.21400000000000002
198,0.848,0.21600000000000003
199,0.8320000000000001,0.21800000000000003
200,0.8160000000000001,0.22000000000000003
201,0.808,0.22200000000000003
202,0.8,0.22400000000000003
203,0.776,0.22600000000000003
204,0.728,0.22800000000000004
205,0.672,0.23000000000000004
206,0.608,0.23200000000000004
207,0.544,0.23400000000000004
208,0.488,0.23600000000000004
209,0.424,0.238
210,0.352,0.24
211,0.28800000000000003,0.242
212,0.256,0.244
213,0.24,0.246
214,0.24,0.248
215,0.216,0.25
216,0.2,0.252
217,0.2,0.254
218,0.232,0.256
219,0.264,0.258
220,0.304,0.26
221,0.312,0.262
222,0.336,0.264
223,0.424,0.266
224,0.528,0.268
225,0.616,0.27
226,0.64,0.272
227,0.664,0.274
228,0.72,0.276
229,0.792,0.278
230,0.8320000000000001,0.28
231,0.8240000000000001,0.28200000000000003
232,0.808,0.28400000000000003
233,0.8,0.28600000000000003
234,0.8320000000000001,0.28800000000000003
235,0.84,0.29000000000000004
236,0.808,0.29200000000000004
237,0.744,0.29400000000000004
238,0.6880000000000001,0.29600000000000004
239,0.68,0.29800000000000004
240,0.664,0.3
241,0.5680000000000001,0.302
242,0.448,0.304
243,0.368,0.306
244,0.352,0.308
245,0.336,0.31
246,0.296,0.312
247,0.232,0.314
248,0.2,0.316
249,0.20800000000000002,0.318
250,0.232,0.32
251,0.24,0.322
252,0.232,0.324
253,0.224,0.326
254,0.264,0.328
255,0.34400000000000003,0.33
256,0.41600000000000004,0.332
257,0.44,0.334
258,0.47200000000000003,0.336
259,0.544,0.338
260,0.648,0.34
261,0.72,0.342
262,0.744,0.34400000000000003
263,0.76,0.34600000000000003
264,0.784,0.34800000000000003
265,0.8160000000000001,0.35000000000000003
266,0.84,0.35200000000000004
267,0.84,0.35400000000000004
268,0.8160000000000001,0.35600000000000004
269,0.8,0.35800000000000004
270,0.784,0.36000000000000004
271,0.76,0.36200000000000004
272,0.72,0.36400000000000005
273,0.672,0.36600000000000005
274,0.608,0.36800000000000005
275,0.528,0.37000000000000005
276,0.464,0.37200000000000005
277,0.41600000000000004,0.37400000000000005
278,0.368,0.37600000000000006
279,0.304,0.37800000000000006
280,0.264,0.38000000000000006
281,0.24,0.38200000000000006
282,0.224,0.38400000000000006
283,0.224,0.38600000000000007
284,0.224,0.38800000000000007
285,0.224,0.39000000000000007
286,0.232,0.39200000000000007
287,0.256,0.3940000000000001
288,0.296,0.3960000000000001
289,0.352,0.39799999999999996
290,0.392,0.39999999999999997
291,0.424,0.40199999999999997
292,0.488,0.40399999999999997
293,0.584,0.40599999999999997
294,0.664,0.408
295,0.704,0.41
296,0.72,0.412
297,0.752,0.414
298,0.8,0.416
299,0.8320000000000001,0.418
300,0.84,0.42
301,0.8160000000000001,0.422
302,0.792,0.424
303,0.8,0.426
304,0.8,0.428
305,0.768,0.43
306,0.704,0.432
307,0.64,0.434
308,0.592,0.436
309,0.5680000000000001,0.438
310,0.496,0.44
311,0.40800000000000003,0.442
312,0.328,0.444
313,0.28800000000000003,0.446
314,0.28800000000000003,0.448
315,0.264,0.45
316,0.232,0.452
317,0.20800000000000002,0.454
318,0.20800000000000002,0.456
319,0.24,0.458
320,0.264,0.46
321,0.272,0.462
322,0.272,0.464
323,0.32,0.466
324,0.392,0.468
325,0.464,0.47000000000000003
326,0.52,0.47200000000000003
327,0.56,0.47400000000000003
328,0.624,0.47600000000000003
329,0.704,0.47800000000000004
330,0.752,0.48000000000000004
331,0.776,0.48200000000000004
332,0.784,0.48400000000000004
333,0.792,0.48600000000000004
334,0.8160000000000001,0.48800000000000004
335,0.8320000000000001,0.49000000000000005
336,0.8160000000000001,0.49200000000000005
337,0.792,0.49400000000000005
338,0.768,0.49600000000000005
339,0.736,0.49800000000000005
340,0.72,0.5
341,0.672,0.502
342,0.6,0.504
343,0.52,0.506
344,0.456,0.508
345,0.40800000000000003,0.51
346,0.36,0.512
347,0.304,0.514
348,0.272,0.516
349,0.248,0.518
350,0.24,0.52
351,0.224,0.522
352,0.224,0.524
353,0.232,0.526
354,0.248,0.528
355,0.264,0.53
356,0.296,0.532
357,0.34400000000000003,0.534
358,0.4,0.536
359,0.456,0.538
360,0.512,0.54
361,0.5760000000000001,0.542
362,0.648,0.544
363,0.704,0.546
364,0.744,0.548
365,0.76,0.55
366,0.776,0.552
367,0.8,0.554
368,0.8240000000000001,0.556
369,0.8240000000000001,0.558
370,0.808,0.56
371,0.776,0.562
372,0.76,0.5640000000000001
373,0.752,0.5660000000000001
374,0.72,0.5680000000000001
375,0.656,0.5700000000000001
376,0.5680000000000001,0.5720000000000001
377,0.504,0.5740000000000001
378,0.47200000000000003,0.5760000000000001
379,0.424,0.5780000000000001
380,0.36,0.5800000000000001
381,0.28800000000000003,0.5820000000000001
382,0.256,0.5840000000000001
383,0.256,0.5860000000000001
384,0.248,0.5880000000000001
385,0.232,0.5900000000000001
386,0.216,0.5920000000000001
387,0.216,0.5940000000000001
388,0.256,0.5960000000000001
389,0.28800000000000003,0.5980000000000001
390,0.32,0.6000000000000001
391,0.336,0.6020000000000001
392,0.384,0.6040000000000001
393,0.456,0.6060000000000001
394,0.536,0.6080000000000001
395,0.608,0.6100000000000001
396,0.64,0.6120000000000001
397,0.68,0.6140000000000001
398,0.728,0.6160000000000001
399,0.784,0.6180000000000001
400,0.792,0.6200000000000001
401,0.792,0.6220000000000001
402,0.8,0.6240000000000001
403,0.808,0.6260000000000001
404,0.8160000000000001,0.6280000000000001
405,0.8,0.6300000000000001
406,0.76,0.6320000000000001
407,0.72,0.6340000000000001
408,0.6960000000000001,0.6360000000000001
409,0.664,0.6380000000000001
410,0.6,0.6400000000000001
411,0.52,0.6420000000000001
412,0.44,0.6440000000000001
413,0.4,0.6460000000000001
414,0.352,0.6480000000000001
415,0.312,0.6500000000000001
416,0.272,0.6520000000000001
417,0.248,0.6539999999999999
418,0.24,0.6559999999999999
419,0.24,0.6579999999999999
420,0.24,0.6599999999999999
421,0.232,0.6619999999999999
422,0.256,0.6639999999999999
423,0.272,0.6659999999999999
424,0.312,0.6679999999999999
425,0.352,0.6699999999999999
426,0.392,0.6719999999999999
427,0.456,0.6739999999999999
428,0.528,0.6759999999999999
429,0.6,0.6779999999999999
430,0.656,0.6799999999999999
431,0.6960000000000001,0.6819999999999999
432,0.728,0.6839999999999999
433,0.768,0.6859999999999999
434,0.784,0.688
435,0.792,0.69
436,0.8,0.692
437,0.808,0.694
438,0.808,0.696
439,0.792,0.698
440,0.752,0.7
441,0.72,0.702
442,0.6960000000000001,0.704
443,0.656,0.706
444,0.592,0.708
445,0.504,0.71
446,0.44,0.712
447,0.4,0.714
448,0.368,0.716
449,0.32,0.718
450,0.272,0.72
451,0.24,0.722
452,0.24,0.724
453,0.248,0.726
454,0.24,0.728
455,0.232,0.73
456,0.24,0.732
457,0.28,0.734
458,0.336,0.736
459,0.376,0.738
460,0.40800000000000003,0.74
461,0.44,0.742
462,0.528,0.744
463,0.608,0.746
464,0.664,0.748
465,0.6960000000000001,0.75
466,0.72,0.752
467,0.76,0.754
468,0.792,0.756
469,0.808,0.758
470,0.808,0.76
471,0.792,0.762
472,0.792,0.764
473,0.784,0.766
474,0.76,0.768
475,0.72,0.77
476,0.672,0.772
477,0.632,0.774
478,0.592,0.776
479,0.528,0.778
480,0.448,0.78
481,0.384,0.782
482,0.34400000000000003,0.784
483,0.32,0.786
484,0.28800000000000003,0.788
485,0.256,0.79
486,0.24,0.792
487,0.232,0.794
488,0.248,0.796
489,0.256,0.798
490,0.272,0.8
491,0.28,0.802
492,0.32,0.804
493,0.368,0.806
494,0.424,0.808
495,0.464,0.81
496,0.52,0.812
497,0.6,0.8140000000000001
498,0.664,0.8160000000000001
499,0.704,0.8180000000000001
500,0.728,0.8200000000000001
501,0.76,0.8220000000000001
502,0.784,0.8240000000000001
503,0.792,0.8260000000000001
504,0.8,0.8280000000000001
505,0.792,0.8300000000000001
506,0.784,0.8320000000000001
507,0.784,0.8340000000000001
508,0.752,0.8360000000000001
509,0.72,0.8380000000000001
510,0.68,0.8400000000000001
511,0.632,0.8420000000000001
512,0.584,0.8440000000000001
513,0.52,0.8460000000000001
514,0.448,0.8480000000000001
515,0.392,0.8500000000000001
516,0.34400000000000003,0.8520000000000001
517,0.32,0.8540000000000001
518,0.28800000000000003,0.8560000000000001
519,0.256,0.8580000000000001
520,0.24,0.8600000000000001
521,0.24,0.8620000000000001
522,0.248,0.8640000000000001
523,0.264,0.8660000000000001
524,0.264,0.8680000000000001
525,0.28,0.8700000000000001
526,0.32,0.8720000000000001
527,0.384,0.8740000000000001
528,0.432,0.8760000000000001
529,0.47200000000000003,0.8780000000000001
530,0.52,0.8800000000000001
531,0.592,0.8820000000000001
532,0.664,0.8840000000000001
533,0.712,0.8860000000000001
534,0.728,0.8880000000000001
535,0.744,0.8900000000000001
536,0.776,0.8920000000000001
537,0.8,0.8940000000000001
538,0.808,0.8960000000000001
539,0.8,0.8980000000000001
540,0.776,0.9000000000000001
541,0.76,0.9020000000000001
542,0.752,0.9040000000000001
543,0.72,0.9060000000000001
544,0.68,0.9080000000000001
545,0.616,0.9100000000000001
546,0.56,0.9120000000000001
547,0.504,0.9140000000000001
548,0.456,0.9160000000000001
549,0.4,0.9180000000000001
550,0.34400000000000003,0.9200000000000002
551,0.304,0.9220000000000002
552,0.28800000000000003,0.9240000000000002
553,0.272,0.9260000000000002
554,0.248,0.9280000000000002
555,0.232,0.9300000000000002
556,0.24,0.9320000000000002
557,0.256,0.9340000000000002
558,0.28800000000000003,0.9360000000000002
559,0.304,0.9380000000000002
560,0.328,0.9400000000000002
561,0.368,0.9420000000000002
562,0.432,0.9440000000000002
563,0.488,0.9460000000000002
564,0.544,0.9480000000000002
565,0.6,0.9500000000000002
566,0.648,0.9520000000000002
567,0.704,0.9540000000000002
568,0.736,0.9560000000000002
569,0.76,0.9580000000000002
570,0.776,0.9600000000000002
571,0.792,0.9620000000000002
572,0.792,0.9640000000000002
573,0.792,0.9660000000000002
574,0.776,0.9680000000000002
575,0.76,0.9700000000000002
576,0.736,0.9720000000000002
577,0.712,0.974
578,0.6880000000000001,0.976
579,0.624,0.978
580,0.56,0.98
581,0.496,0.982
582,0.448,0.984
583,0.4,0.986
584,0.352,0.988
585,0.304,0.99
586,0.28800000000000003,0.992
587,0.264,0.994
588,0.264,0.996
589,0.248,0.998
590,0.248,1.0
591,0.264,1.002
592,0.28800000000000003,1.004
593,0.304,1.006
594,0.328,1.008
595,0.376,1.01
596,0.432,1.012
597,0.496,1.014
598,0.552,1.016
599,0.6,1.018
600,0.648,1.02
601,0.704,1.022
602,0.736,1.024
603,0.76,1.026
604,0.768,1.028
605,0.776,1.03
606,0.784,1.032
607,0.792,1.034
608,0.784,1.036
609,0.76,1.038
610,0.728,1.04
611,0.704,1.042
612,0.68,1.044
613,0.624,1.046
614,0.544,1.048
615,0.48,1.05
616,0.432,1.052
617,0.40800000000000003,1.054
618,0.36,1.056
619,0.312,1.058
620,0.272,1.06
621,0.264,1.062
622,0.264,1.064
623,0.256,1.066
624,0.248,1.068
625,0.256,1.07
626,0.28800000000000003,1.072
627,0.32,1.074
628,0.36,1.076
629,0.384,1.078
630,0.432,1.08
631,0.488,1.082
632,0.5680000000000001,1.084
633,0.616,1.086
634,0.656,1.088
635,0.6880000000000001,1.09
636,0.728,1.092
637,0.76,1.094
638,0.776,1.096
639,0.784,1.098
640,0.784,1.1
641,0.784,1.102
642,0.776,1.104
643,0.752,1.106
644,0.728,1.108
645,0.6960000000000001,1.11
646,0.664,1.112
647,0.624,1.114
648,0.56,1.116
649,0.488,1.118
650,0.432,1.12
651,0.392,1.122
652,0.352,1.124
653,0.32,1.1260000000000001
654,0.28,1.1280000000000001
655,0.264,1.1300000000000001
656,0.256,1.1320000000000001
657,0.264,1.1340000000000001
658,0.264,1.1360000000000001
659,0.264,1.1380000000000001
660,0.28800000000000003,1.1400000000000001
661,0.32,1.1420000000000001
662,0.36,1.1440000000000001
663,0.392,1.1460000000000001
664,0.432,1.1480000000000001
665,0.488,1.1500000000000001
666,0.56,1.1520000000000001
667,0.624,1.1540000000000001
668,0.664,1.1560000000000001
669,0.704,1.1580000000000001
670,0.728,1.1600000000000001
671,0.76,1.1620000000000001
672,0.776,1.1640000000000001
673,0.784,1.1660000000000001
674,0.776,1.1680000000000001
675,0.776,1.1700000000000002
676,0.776,1.1720000000000002
677,0.752,1.1740000000000002
678,0.72,1.1760000000000002
679,0.6880000000000001,1.1780000000000002
680,0.656,1.1800000000000002
681,0.616,1.1820000000000002
682,0.552,1.1840000000000002
683,0.48,1.1860000000000002
684,0.41600000000000004,1.1880000000000002
685,0.384,1.1900000000000002
686,0.36,1.1920000000000002
687,0.32,1.1940000000000002
688,0.28800000000000003,1.1960000000000002
689,0.264,1.1980000000000002
690,0.264,1.2000000000000002
691,0.264,1.2020000000000002
692,0.264,1.2040000000000002
693,0.272,1.2060000000000002
694,0.28800000000000003,1.2080000000000002
695,0.312,1.2100000000000002
696,0.368,1.2120000000000002
697,0.40800000000000003,1.2140000000000002
698,0.44,1.2160000000000002
699,0.488,1.2180000000000002
700,0.56,1.2200000000000002
701,0.624,1.2220000000000002
702,0.672,1.2240000000000002
703,0.6960000000000001,1.2260000000000002
704,0.72,1.228
705,0.752,1.23
706,0.776,1.232
707,0.784,1.234
708,0.784,1.236
709,0.776,1.238
710,0.768,1.24
711,0.752,1.242
712,0.728,1.244
713,0.6880000000000001,1.246
714,0.64,1.248
715,0.592,1.25
716,0.552,1.252
717,0.488,1.254
718,0.424,1.256
719,0.384,1.258
720,0.352,1.26
721,0.328,1.262
722,0.296,1.264
723,0.272,1.266
724,0.256,1.268
725,0.256,1.27
726,0.272,1.272
727,0.28,1.274
728,0.296,1.276
729,0.32,1.278
730,0.368,1.28
731,0.41600000000000004,1.282
732,0.448,1.284
733,0.504,1.286
734,0.552,1.288
735,0.624,1.29
736,0.672,1.292
737,0.704,1.294
738,0.728,1.296
739,0.752,1.298
740,0.776,1.3
741,0.784,1.302
742,0.776,1.304
743,0.768,1.306
744,0.76,1.308
745,0.744,1.31
746,0.72,1.312
747,0.6880000000000001,1.314
748,0.64,1.316
749,0.592,1.318
750,0.544,1.32
751,0.488,1.322
752,0.432,1.324
753,0.376,1.326
754,0.34400000000000003,1.328
755,0.32,1.33
756,0.296,1.332
757,0.272,1.334
758,0.256,1.336
759,0.256,1.338
760,0.272,1.34
761,0.28800000000000003,1.342
762,0.304,1.344
763,0.32,1.346
764,0.368,1.348
765,0.41600000000000004,1.35
766,0.456,1.352
767,0.512,1.354
768,0.56,1.356
769,0.616,1.358
770,0.672,1.36
771,0.712,1.362
772,0.728,1.364
773,0.744,1.366
774,0.752,1.368
775,0.776,1.37
776,0.784,1.372
777,0.768,1.374
778,0.752,1.3760000000000001
779,0.736,1.3780000000000001
780,0.72,1.3800000000000001
781,0.6960000000000001,1.3820000000000001
782,0.64,1.3840000000000001
783,0.5760000000000001,1.3860000000000001
784,0.52,1.3880000000000001
785,0.48,1.3900000000000001
786,0.432,1.3920000000000001
787,0.384,1.3940000000000001
788,0.34400000000000003,1.3960000000000001
789,0.312,1.3980000000000001
790,0.296,1.4000000000000001
791,0.28800000000000003,1.4020000000000001
792,0.264,1.4040000000000001
793,0.264,1.4060000000000001
794,0.272,1.4080000000000001
795,0.28800000000000003,1.4100000000000001
796,0.312,1.4120000000000001
797,0.34400000000000003,1.4140000000000001
798,0.368,1.4160000000000001
799,0.40800000000000003,1.4180000000000001
800,0.456,1.4200000000000002
801,0.52,1.4220000000000002
802,0.5680000000000001,1.4240000000000002
803,0.616,1.4260000000000002
804,0.664,1.4280000000000002
805,0.704,1.4300000000000002
806,0.728,1.4320000000000002
807,0.744,1.4340000000000002
808,0.752,1.4360000000000002
809,0.776,1.4380000000000002
810,0.776,1.4400000000000002
811,0.776,1.4420000000000002
812,0.752,1.4440000000000002
813,0.728,1.4460000000000002
814,0.704,1.4480000000000002
815,0.6880000000000001,1.4500000000000002
816,0.64,1.4520000000000002
817,0.584,1.4540000000000002
818,0.52,1.4560000000000002
819,0.47200000000000003,1.4580000000000002
820,0.432,1.4600000000000002
821,0.392,1.4620000000000002
822,0.34400000000000003,1.4640000000000002
823,0.304,1.4660000000000002
824,0.296,1.4680000000000002
825,0.28,1.4700000000000002
826,0.272,1.4720000000000002
827,0.264,1.4740000000000002
828,0.272,1.4760000000000002
829,0.296,1.4780000000000002
830,0.32,1.4800000000000002
831,0.34400000000000003,1.4820000000000002
832,0.376,1.4840000000000002
833,0.41600000000000004,1.486
834,0.464,1.488
835,0.528,1.49
836,0.5760000000000001,1.492
837,0.624,1.494
838,0.664,1.496
839,0.712,1.498
840,0.736,1.5
841,0.752,1.502
842,0.752,1.504
843,0.76,1.506
844,0.768,1.508
845,0.768,1.51
846,0.752,1.512
847,0.72,1.514
848,0.704,1.516
849,0.68,1.518
850,0.648,1.52
851,0.584,1.522
852,0.52,1.524
853,0.456,1.526
854,0.424,1.528
855,0.392,1.53
856,0.352,1.532
857,0.312,1.534
858,0.28800000000000003,1.536
859,0.28800000000000003,1.538
860,0.28,1.54
861,0.28,1.542
862,0.28,1.544
863,0.28800000000000003,1.546
864,0.32,1.548
865,0.352,1.55
866,0.392,1.552
867,0.424,1.554
868,0.464,1.556
869,0.528,1.558
870,0.584,1.56
871,0.632,1.562
872,0.664,1.564
873,0.704,1.566
874,0.728,1.568
875,0.752,1.57
876,0.76,1.572
877,0.76,1.574
878,0.76,1.576
879,0.76,1.578
880,0.752,1.58
881,0.728,1.582
882,0.6960000000000001,1.584
883,0.664,1.586
884,0.624,1.588
885,0.584,1.59
886,0.52,1.592
887,0.464,1.594
888,0.41600000000000004,1.596
889,0.392,1.598
890,0.36,1.6
891,0.32,1.602
892,0.28800000000000003,1.604
893,0.28800000000000003,1.606
894,0.28,1.608
895,0.28,1.61
896,0.28,1.612
897,0.296,1.614
898,0.32,1.616
899,0.36,1.618
900,0.4,1.62
901,0.424,1.622
902,0.464,1.624
903,0.52,1.6260000000000001
904,0.584,1.6280000000000001
905,0.64,1.6300000000000001
906,0.672,1.6320000000000001
907,0.6960000000000001,1.6340000000000001
908,0.728,1.6360000000000001
909,0.752,1.6380000000000001
910,0.76,1.6400000000000001
911,0.76,1.6420000000000001
912,0.76,1.6440000000000001
913,0.752,1.6460000000000001
914,0.744,1.6480000000000001
915,0.728,1.6500000000000001
916,0.6960000000000001,1.6520000000000001
917,0.656,1.6540000000000001
918,0.624,1.6560000000000001
919,0.5760000000000001,1.6580000000000001
920,0.528,1.6600000000000001
921,0.456,1.6620000000000001
922,0.41600000000000004,1.6640000000000001
923,0.384,1.6660000000000001
924,0.352,1.6680000000000001
925,0.32,1.6700000000000002
926,0.296,1.6720000000000002
927,0.28,1.6740000000000002
928,0.28,1.6760000000000002
929,0.28800000000000003,1.6780000000000002
930,0.28800000000000003,1.6800000000000002
931,0.304,1.6820000000000002
932,0.32,1.6840000000000002
933,0.352,1.6860000000000002
934,0.4,1.6880000000000002
935,0.44,1.6900000000000002
936,0.47200000000000003,1.6920000000000002
937,0.52,1.6940000000000002
938,0.584,1.6960000000000002
939,0.64,1.6980000000000002
940,0.68,1.7000000000000002
941,0.704,1.7020000000000002
942,0.72,1.7040000000000002
943,0.736,1.7060000000000002
944,0.76,1.7080000000000002
945,0.76,1.7100000000000002
946,0.76,1.7120000000000002
947,0.744,1.7140000000000002
948,0.736,1.7160000000000002
949,0.72,1.7180000000000002
950,0.6960000000000001,1.7200000000000002
951,0.656,1.7220000000000002
952,0.616,1.7240000000000002
953,0.5680000000000001,1.7260000000000002
954,0.52,1.7280000000000002
955,0.456,1.7300000000000002
956,0.41600000000000004,1.7320000000000002
957,0.376,1.7340000000000002
958,0.352,1.7360000000000002
959,0.328,1.7380000000000002
960,0.304,1.74
961,0.28,1.742
962,0.28800000000000003,1.744
963,0.28800000000000003,1.746
964,0.296,1.748
965,0.304,1.75
966,0.328,1.752
967,0.36,1.754
968,0.4,1.756
969,0.44,1.758
970,0.488,1.76
971,0.528,1.762
972,0.5760000000000001,1.764
973,0.64,1.766
974,0.672,1.768
975,0.712,1.77
976,0.72,1.772
977,0.736,1.774
978,0.76,1.776
979,0.76,1.778
980,0.76,1.78
981,0.744,1.782
982,0.728,1.784
983,0.72,1.786
984,0.6960000000000001,1.788
985,0.656,1.79
986,0.608,1.792
987,0.56,1.794
988,0.52,1.796
989,0.464,1.798
990,0.424,1.8
991,0.376,1.802
992,0.352,1.804
993,0.328,1.806
994,0.304,1.808
995,0.28800000000000003,1.81
996,0.28,1.812
997,0.28800000000000003,1.814
998,0.296,1.816
999,0.32,1.818
1000,0.336,1.82
1001,0.368,1.8220000000000003
1002,0.4,1.824
1003,0.44,1.8260000000000003
1004,0.488,1.828
1005,0.536,1.8300000000000003
1006,0.5760000000000001,1.832
1007,0.632,1.8340000000000003
1008,0.672,1.836
1009,0.712,1.8380000000000003
1010,0.72,1.84
1011,0.736,1.8420000000000003
1012,0.744,1.844
1013,0.76,1.8460000000000003
1014,0.76,1.848
1015,0.744,1.8500000000000003
1016,0.728,1.852
1017,0.712,1.8540000000000003
1018,0.6880000000000001,1.856
1019,0.664,1.8580000000000003
1020,0.608,1.86
1021,0.552,1.8620000000000003
1022,0.496,1.864
1023,0.464,1.8660000000000003
1024,0.424,1.868
1025,0.384,1.8699999999999999
1026,0.34400000000000003,1.872
1027,0.32,1.8739999999999999
1028,0.304,1.8760000000000001
1029,0.296,1.878
1030,0.28800000000000003,1.8800000000000001
1031,0.28800000000000003,1.882
1032,0.296,1.8840000000000001
1033,0.32,1.886
1034,0.352,1.8880000000000001
1035,0.368,1.89
1036,0.4,1.8920000000000001
1037,0.432,1.894
1038,0.496,1.8960000000000001
1039,0.544,1.898
1040,0.592,1.9000000000000001
1041,0.632,1.902
1042,0.672,1.9040000000000001
1043,0.704,1.906
1044,0.728,1.9080000000000001
1045,0.728,1.91
1046,0.744,1.9120000000000001
1047,0.744,1.914
1048,0.752,1.9160000000000001
1049,0.736,1.918
1050,0.72,1.9200000000000002
1051,0.704,1.922
1052,0.68,1.9240000000000002
1053,0.648,1.926
1054,0.608,1.9280000000000002
1055,0.544,1.93
1056,0.496,1.9320000000000002
1057,0.456,1.934
1058,0.41600000000000004,1.9360000000000002
1059,0.384,1.938
1060,0.34400000000000003,1.9400000000000002
1061,0.32,1.942
1062,0.304,1.9440000000000002
1063,0.296,1.946
1064,0.28800000000000003,1.9480000000000002
1065,0.28800000000000003,1.95
1066,0.28800000000000003,1.9520000000000002
1067,0.32,1.954
1068,0.34400000000000003,1.9560000000000002
1069,0.376,1.958
1070,0.40800000000000003,1.9600000000000002
1071,0.44,1.962
1072,0.496,1.9640000000000002
1073,0.552,1.966
1074,0.592,1.9680000000000002
1075,0.624,1.97
1076,0.664,1.9720000000000002
1077,0.712,1.974
1078,0.72,1.9760000000000002
1079,0.736,1.978
1080,0.744,1.9800000000000002
1081,0.744,1.982
1082,0.752,1.9840000000000002
1083,0.736,1.986
1084,0.72,1.9880000000000002
1085,0.6960000000000001,1.99
1086,0.672,1.9920000000000002
1087,0.648,1.994
1088,0.608,1.9960000000000002
1089,0.552,1.998
1090,0.496,2.0
1091,0.448,2.002
1092,0.41600000000000004,2.004
1093,0.384,2.006
1094,0.352,2.008
1095,0.32,2.01
1096,0.296,2.012
1097,0.296,2.014
1098,0.296,2.016
1099,0.296,2.018
1100,0.304,2.02
1101,0.32,2.022
1102,0.352,2.024
1103,0.384,2.026
1104,0.41600000000000004,2.028
1105,0.44,2.03
1106,0.496,2.032
1107,0.544,2.034
1108,0.6,2.036
1109,0.64,2.038
1110,0.664,2.04
1111,0.6960000000000001,2.042
1112,0.72,2.044
1113,0.736,2.046
1114,0.744,2.048
1115,0.744,2.05
1116,0.736,2.052
1117,0.728,2.054
1118,0.72,2.056
1119,0.704,2.058
1120,0.672,2.06
1121,0.64,2.062
1122,0.6,2.064
1123,0.552,2.066
1124,0.496,2.068
1125,0.44,2.07
1126,0.40800000000000003,2.072
1127,0.384,2.074
1128,0.352,2.076
1129,0.328,2.078
1130,0.304,2.08
1131,0.304,2.082
1132,0.296,2.084
1133,0.304,2.086
1134,0.304,2.088
1135,0.32,2.09
1136,0.352,2.092
1137,0.392,2.094
1138,0.41600000000000004,2.096
1139,0.456,2.098
1140,0.496,2.1
1141,0.544,2.102
1142,0.6,2.104
1143,0.64,2.106
1144,0.672,2.108
1145,0.6960000000000001,2.11
1146,0.712,2.112
1147,0.736,2.114
1148,0.736,2.116
1149,0.736,2.118
1150,0.728,2.12
1151,0.728,2.122
1152,0.72,2.124
1153,0.6960000000000001,2.126
1154,0.664,2.1279999999999997
1155,0.624,2.13
1156,0.592,2.1319999999999997
1157,0.544,2.134
1158,0.496,2.1359999999999997
1159,0.44,2.138
1160,0.40800000000000003,2.1399999999999997
1161,0.384,2.142
1162,0.36,2.1439999999999997
1163,0.328,2.146
1164,0.304,2.1479999999999997
1165,0.296,2.15
1166,0.296,2.1519999999999997
1167,0.304,2.154
1168,0.32,2.1559999999999997
1169,0.328,2.158
1170,0.352,2.1599999999999997
1171,0.384,2.162
1172,0.424,2.1639999999999997
1173,0.456,2.166
1174,0.496,2.1679999999999997
1175,0.536,2.17
1176,0.6,2.1719999999999997
1177,0.648,2.174
1178,0.672,2.1759999999999997
1179,0.6960000000000001,2.178
1180,0.712,2.1799999999999997
1181,0.736,2.182
1182,0.744,2.1839999999999997
1183,0.744,2.186
1184,0.728,2.1879999999999997
1185,0.728,2.19
1186,0.712,2.1919999999999997
1187,0.704,2.194
1188,0.664,2.1959999999999997
1189,0.632,2.198
1190,0.584,2.1999999999999997
1191,0.544,2.202
1192,0.496,2.2039999999999997
1193,0.456,2.206
1194,0.41600000000000004,2.2079999999999997
1195,0.376,2.21
1196,0.352,2.2119999999999997
1197,0.336,2.214
1198,0.32,2.2159999999999997
1199,0.296,2.218
1200,0.304,2.2199999999999998
1201,0.312,2.222
1202,0.328,2.2239999999999998
1203,0.34400000000000003,2.226
1204,0.36,2.2279999999999998
1205,0.392,2.23
1206,0.424,2.2319999999999998
1207,0.47200000000000003,2.234
1208,0.504,2.2359999999999998
1209,0.552,2.238
1210,0.6,2.2399999999999998
1211,0.64,2.242
1212,0.68,2.2439999999999998
1213,0.704,2.246
1214,0.712,2.2479999999999998
1215,0.728,2.25
1216,0.736,2.252
1217,0.744,2.254
1218,0.736,2.256
1219,0.72,2.258
1220,0.712,2.26
1221,0.6960000000000001,2.262
1222,0.664,2.264
1223,0.624,2.266
1224,0.5760000000000001,2.268
1225,0.536,2.27
1226,0.488,2.272
1227,0.448,2.274
1228,0.41600000000000004,2.276
1229,0.376,2.278
1230,0.36,2.28
1231,0.34400000000000003,2.282
1232,0.32,2.284
1233,0.304,2.286
1234,0.296,2.288
1235,0.312,2.29
1236,0.328,2.292
1237,0.352,2.294
1238,0.368,2.296
1239,0.4,2.298
1240,0.432,2.3
1241,0.47200000000000003,2.302
1242,0.52,2.304
1243,0.56,2.306
1244,0.592,2.308
1245,0.64,2.31
1246,0.68,2.312
1247,0.704,2.314
1248,0.712,2.316
1249,0.72,2.318
1250,0.728,2.32
1251,0.736,2.322
1252,0.728,2.324
1253,0.72,2.326
1254,0.704,2.328
1255,0.68,2.33
1256,0.664,2.332
1257,0.624,2.334
1258,0.5760000000000001,2.336
1259,0.528,2.338
1260,0.48,2.34
1261,0.448,2.342
1262,0.41600000000000004,2.344
1263,0.384,2.346
1264,0.352,2.348
1265,0.328,2.35
1266,0.328,2.352
1267,0.312,2.354
1268,0.304,2.356
1269,0.312,2.358
1270,0.328,2.36
1271,0.352,2.362
1272,0.376,2.364
1273,0.4,2.366
1274,0.432,2.368
1275,0.47200000000000003,2.37
1276,0.52,2.372
1277,0.56,2.374
1278,0.6,2.376
1279,0.648,2.378
1280,0.68,2.38
1281,0.704,2.3819999999999997
1282,0.72,2.384
1283,0.728,2.3859999999999997
1284,0.728,2.388
1285,0.728,2.3899999999999997
1286,0.736,2.392
1287,0.72,2.3939999999999997
1288,0.704,2.396
1289,0.68,2.3979999999999997
1290,0.664,2.4
1291,0.624,2.4019999999999997
1292,0.5760000000000001,2.404
1293,0.52,2.4059999999999997
1294,0.48,2.408
1295,0.448,2.4099999999999997
1296,0.41600000000000004,2.412
1297,0.384,2.4139999999999997
1298,0.352,2.416
1299,0.336,2.4179999999999997
1300,0.328,2.42
1301,0.32,2.4219999999999997
1302,0.312,2.424
1303,0.32,2.4259999999999997
1304,0.328,2.428
1305,0.352,2.4299999999999997
1306,0.384,2.432
1307,0.40800000000000003,2.4339999999999997
1308,0.432,2.436
1309,0.47200000000000003,2.4379999999999997
1310,0.52,2.44
1311,0.5680000000000001,2.4419999999999997
1312,0.608,2.444
1313,0.648,2.4459999999999997
1314,0.672,2.448
1315,0.6960000000000001,2.4499999999999997
1316,0.712,2.452
1317,0.72,2.4539999999999997
1318,0.728,2.456
1319,0.728,2.4579999999999997
1320,0.728,2.46
1321,0.72,2.4619999999999997
1322,0.704,2.464
1323,0.672,2.4659999999999997
1324,0.648,2.468
1325,0.616,2.4699999999999998
1326,0.5680000000000001,2.472
1327,0.52,2.4739999999999998
1328,0.47200000000000003,2.476
1329,0.448,2.4779999999999998
1330,0.41600000000000004,2.48
1331,0.392,2.4819999999999998
1332,0.36,2.484
1333,0.336,2.4859999999999998
1334,0.32,2.488
1335,0.312,2.4899999999999998
1336,0.32,2.492
1337,0.328,2.4939999999999998
1338,0.336,2.496
1339,0.352,2.4979999999999998
1340,0.384,2.5
1341,0.41600000000000004,2.502
1342,0.44,2.504
1343,0.47200000000000003,2.506
1344,0.52,2.508
1345,0.5680000000000001,2.51
1346,0.616,2.512
1347,0.648,2.514
1348,0.664,2.516
1349,0.6960000000000001,2.518
1350,0.712,2.52
1351,0.72,2.522
1352,0.728,2.524
1353,0.72,2.526
1354,0.72,2.528
1355,0.712,2.53
1356,0.6960000000000001,2.532
1357,0.672,2.534
1358,0.648,2.536
1359,0.608,2.538
1360,0.5760000000000001,2.54
1361,0.528,2.542
1362,0.47200000000000003,2.544
1363,0.44,2.546
1364,0.41600000000000004,2.548
1365,0.384,2.55
1366,0.36,2.552
1367,0.336,2.554
1368,0.32,2.556
1369,0.32,2.558
1370,0.328,2.56
1371,0.336,2.562
1372,0.34400000000000003,2.564
1373,0.36,2.566
1374,0.384,2.568
1375,0.41600000000000004,2.57
1376,0.44,2.572
1377,0.47200000000000003,2.574
1378,0.52,2.576
1379,0.5680000000000001,2.578
1380,0.616,2.58
1381,0.648,2.582
1382,0.672,2.584
1383,0.6880000000000001,2.586
1384,0.712,2.588
1385,0.72,2.59
1386,0.728,2.592
1387,0.72,2.594
1388,0.712,2.596
1389,0.712,2.598
1390,0.6960000000000001,2.6
1391,0.672,2.602
1392,0.64,2.604
1393,0.6,2.606
1394,0.5680000000000001,2.608
1395,0.52,2.61
1396,0.47200000000000003,2.612
1397,0.44,2.614
1398,0.40800000000000003,2.616
1399,0.384,2.618
1400,0.368,2.62
1401,0.34400000000000003,2.622
1402,0.328,2.624
1403,0.32,2.626
1404,0.328,2.628
1405,0.336,2.63
1406,0.352,2.632
1407,0.36,2.634
1408,0.392,2.6359999999999997
1409,0.424,2.638
1410,0.456,2.6399999999999997
1411,0.48,2.642
1412,0.52,2.6439999999999997
1413,0.5680000000000001,2.646
1414,0.616,2.6479999999999997
1415,0.648,2.65
1416,0.672,2.6519999999999997
1417,0.6880000000000001,2.654
1418,0.704,2.6559999999999997
1419,0.72,2.658
1420,0.728,2.6599999999999997
1421,0.72,2.662
1422,0.712,2.6639999999999997
1423,0.6960000000000001,2.666
1424,0.6880000000000001,2.6679999999999997
1425,0.664,2.67
1426,0.64,2.6719999999999997
1427,0.592,2.674
1428,0.552,2.6759999999999997
1429,0.52,2.678
1430,0.48,2.6799999999999997
1431,0.44,2.682
1432,0.40800000000000003,2.6839999999999997
1433,0.384,2.686
1434,0.36,2.6879999999999997
1435,0.352,2.69
1436,0.336,2.6919999999999997
1437,0.328,2.694
1438,0.336,2.6959999999999997
1439,0.336,2.698
1440,0.36,2.6999999999999997
1441,0.376,2.702
1442,0.392,2.7039999999999997
1443,0.41600000000000004,2.706
1444,0.456,2.7079999999999997
1445,0.488,2.71
1446,0.528,2.7119999999999997
1447,0.56,2.714
1448,0.608,2.7159999999999997
1449,0.648,2.718
1450,0.68,2.7199999999999998
1451,0.6880000000000001,2.722
1452,0.704,2.7239999999999998
1453,0.712,2.726
1454,0.72,2.7279999999999998
1455,0.72,2.73
1456,0.712,2.7319999999999998
1457,0.6960000000000001,2.734
1458,0.68,2.7359999999999998
1459,0.664,2.738
1460,0.64,2.7399999999999998
1461,0.592,2.742
1462,0.552,2.7439999999999998
1463,0.512,2.746
1464,0.47200000000000003,2.7479999999999998
1465,0.44,2.75
1466,0.40800000000000003,2.752
1467,0.376,2.754
1468,0.368,2.756
1469,0.352,2.758
1470,0.336,2.76
1471,0.328,2.762
1472,0.328,2.764
1473,0.34400000000000003,2.766
1474,0.36,2.768
1475,0.376,2.77
1476,0.392,2.772
1477,0.424,2.774
1478,0.448,2.776
1479,0.496,2.778
1480,0.536,2.78
1481,0.5760000000000001,2.782
1482,0.608,2.784
1483,0.648,2.786
1484,0.672,2.788
1485,0.6960000000000001,2.79
1486,0.704,2.792
1487,0.712,2.794
1488,0.712,2.796
1489,0.72,2.798
1490,0.712,2.8
1491,0.6960000000000001,2.802
1492,0.68,2.804
1493,0.656,2.806
1494,0.632,2.808
1495,0.592,2.81
1496,0.544,2.812
1497,0.504,2.814
1498,0.47200000000000003,2.816
1499,0.44,2.818
1500,0.41600000000000004,2.82
1501,0.384,2.822
1502,0.36,2.824
1503,0.352,2.826
1504,0.34400000000000003,2.828
1505,0.336,2.83
1506,0.336,2.832
1507,0.336,2.834
1508,0.36,2.836
1509,0.384,2.838
1510,0.40800000000000003,2.84
1511,0.424,2.842
1512,0.456,2.844
1513,0.496,2.846
1514,0.544,2.848
1515,0.5760000000000001,2.85
1516,0.608,2.852
1517,0.648,2.854
1518,0.672,2.856
1519,0.6960000000000001,2.858
1520,0.712,2.86
1521,0.712,2.862
1522,0.712,2.864
1523,0.712,2.866
1524,0.712,2.868
1525,0.6960000000000001,2.87
1526,0.672,2.872
1527,0.656,2.874
1528,0.624,2.876
1529,0.592,2.878
1530,0.544,2.88
1531,0.504,2.882
1532,0.47200000000000003,2.884
1533,0.44,2.886
1534,0.41600000000000004,2.888
1535,0.384,2.89
1536,0.36,2.892
1537,0.352,2.8939999999999997
1538,0.34400000000000003,2.896
1539,0.34400000000000003,2.8979999999999997
1540,0.336,2.9
1541,0.352,2.9019999999999997
1542,0.36,2.904
1543,0.392,2.9059999999999997
1544,0.40800000000000003,2.908
1545,0.424,2.9099999999999997
1546,0.456,2.912
1547,0.496,2.9139999999999997
1548,0.544,2.916
1549,0.584,2.9179999999999997
1550,0.616,2.92
1551,0.648,2.9219999999999997
1552,0.672,2.924
1553,0.6880000000000001,2.9259999999999997
1554,0.704,2.928
1555,0.712,2.9299999999999997
1556,0.712,2.932
1557,0.712,2.9339999999999997
1558,0.712,2.936
1559,0.6960000000000001,2.9379999999999997
1560,0.672,2.94
1561,0.648,2.9419999999999997
1562,0.616,2.944
1563,0.584,2.9459999999999997
1564,0.552,2.948
1565,0.496,2.9499999999999997
1566,0.456,2.952
1567,0.432,2.9539999999999997
1568,0.41600000000000004,2.956
1569,0.392,2.9579999999999997
1570,0.368,2.96
1571,0.352,2.9619999999999997
1572,0.34400000000000003,2.964
1573,0.352,2.9659999999999997
1574,0.352,2.968
1575,0.352,2.9699999999999998
1576,0.36,2.972
1577,0.392,2.9739999999999998
1578,0.41600000000000004,2.976
1579,0.44,2.9779999999999998
1580,0.464,2.98
1581,0.496,2.9819999999999998
1582,0.536,2.984
1583,0.584,2.9859999999999998
1584,0.616,2.988
1585,0.648,2.9899999999999998
1586,0.664,2.992
1587,0.6880000000000001,2.9939999999999998
1588,0.704,2.996
1589,0.712,2.9979999999999998
1590,0.712,3.0
1591,0.704,3.002
1592,0.704,3.004
1593,0.6880000000000001,3.006
1594,0.672,3.008
1595,0.64,3.01
1596,0.608,3.012
1597,0.5760000000000001,3.014
1598,0.544,3.016
1599,0.504,3.018
1600,0.464,3.02
1601,0.44,3.022
1602,0.41600000000000004,3.024
1603,0.392,3.026
1604,0.368,3.028
1605,0.352,3.03
1606,0.34400000000000003,3.032
1607,0.352,3.034
1608,0.352,3.036
1609,0.36,3.038
1610,0.368,3.04
1611,0.392,3.042
1612,0.41600000000000004,3.044
1613,0.44,3.046
1614,0.47200000000000003,3.048
1615,0.496,3.05
1616,0.544,3.052
1617,0.5760000000000001,3.054
1618,0.624,3.056
1619,0.648,3.058
1620,0.672,3.06
1621,0.6880000000000001,3.062
1622,0.6960000000000001,3.064
1623,0.712,3.066
1624,0.704,3.068
1625,0.6960000000000001,3.07
1626,0.6960000000000001,3.072
1627,0.6880000000000001,3.074
1628,0.664,3.076
1629,0.648,3.078
1630,0.608,3.08
1631,0.5760000000000001,3.082
1632,0.536,3.084
1633,0.504,3.086
1634,0.464,3.088
1635,0.432,3.09
1636,0.40800000000000003,3.092
1637,0.392,3.094
1638,0.376,3.096
1639,0.36,3.098
1640,0.352,3.1
1641,0.352,3.102
1642,0.36,3.104
1643,0.368,3.106
1644,0.376,3.108
1645,0.392,3.11
1646,0.41600000000000004,3.112
1647,0.448,3.114
1648,0.48,3.116
1649,0.512,3.118
1650,0.56,3.12
1651,0.592,3.122
1652,0.632,3.124
1653,0.656,3.126
1654,0.672,3.128
1655,0.6880000000000001,3.13
1656,0.6960000000000001,3.132
1657,0.704,3.134
1658,0.704,3.136
1659,0.704,3.138
1660,0.6880000000000001,3.14
1661,0.672,3.142
1662,0.664,3.144
1663,0.624,3.146
1664,0.584,3.148
1665,0.552,3.15
1666,0.512,3.1519999999999997
1667,0.47200000000000003,3.154
1668,0.448,3.1559999999999997
1669,0.41600000000000004,3.158
1670,0.392,3.1599999999999997
1671,0.368,3.162
1672,0.36,3.1639999999999997
1673,0.352,3.166
1674,0.34400000000000003,3.1679999999999997
1675,0.336,3.17
1676,0.352,3.1719999999999997
1677,0.368,3.174
1678,0.392,3.1759999999999997
1679,0.40800000000000003,3.178
1680,0.432,3.1799999999999997
1681,0.464,3.182
1682,0.512,3.1839999999999997
1683,0.544,3.186
1684,0.584,3.1879999999999997
1685,0.624,3.19
1686,0.648,3.1919999999999997
1687,0.672,3.194
1688,0.6960000000000001,3.1959999999999997
1689,0.704,3.198
1690,0.712,3.1999999999999997
1691,0.712,3.202
1692,0.712,3.2039999999999997
1693,0.704,3.206
1694,0.6880000000000001,3.2079999999999997
1695,0.664,3.21
1696,0.64,3.2119999999999997
1697,0.616,3.214
1698,0.5760000000000001,3.2159999999999997
1699,0.528,3.218
1700,0.488,3.2199999999999998
1701,0.456,3.222
1702,0.432,3.2239999999999998
1703,0.4,3.226
1704,0.368,3.2279999999999998
1705,0.352,3.23
1706,0.34400000000000003,3.2319999999999998
1707,0.336,3.234
1708,0.328,3.2359999999999998
1709,0.34400000000000003,3.238
1710,0.352,3.2399999999999998
1711,0.368,3.242
1712,0.392,3.2439999999999998
1713,0.41600000000000004,3.246
1714,0.44,3.2479999999999998
1715,0.47200000000000003,3.25
1716,0.52,3.252
1717,0.5680000000000001,3.254
1718,0.6,3.256
1719,0.632,3.258
1720,0.664,3.26
1721,0.6880000000000001,3.262
1722,0.704,3.264
1723,0.712,3.266
1724,0.712,3.268
1725,0.712,3.27
1726,0.712,3.272
1727,0.704,3.274
1728,0.6880000000000001,3.276
1729,0.664,3.278
1730,0.632,3.28
1731,0.6,3.282
1732,0.5680000000000001,3.284
1733,0.52,3.286
1734,0.47200000000000003,3.288
1735,0.44,3.29
1736,0.41600000000000004,3.292
1737,0.392,3.294
1738,0.368,3.296
1739,0.352,3.298
1740,0.336,3.3
1741,0.336,3.302
1742,0.34400000000000003,3.304
1743,0.34400000000000003,3.306
1744,0.352,3.308
1745,0.368,3.31
1746,0.4,3.312
1747,0.424,3.314
1748,0.448,3.316
1749,0.48,3.318
1750,0.528,3.32
1751,0.5680000000000001,3.322
1752,0.608,3.324
1753,0.648,3.326
1754,0.664,3.328
1755,0.6880000000000001,3.33
1756,0.704,3.332
1757,0.712,3.334
1758,0.712,3.336
1759,0.712,3.338
1760,0.712,3.34
1761,0.704,3.342
1762,0.68,3.344
1763,0.664,3.346
1764,0.624,3.348
1765,0.592,3.35
1766,0.552,3.352
1767,0.512,3.354
1768,0.47200000000000003,3.356
1769,0.44,3.358
1770,0.41600000000000004,3.36
1771,0.392,3.362
1772,0.376,3.364
1773,0.352,3.366
1774,0.336,3.368
1775,0.328,3.37
1776,0.34400000000000003,3.372
1777,0.34400000000000003,3.374
1778,0.36,3.376
1779,0.376,3.378
1780,0.4,3.38
1781,0.432,3.382
1782,0.464,3.384
1783,0.496,3.386
1784,0.536,3.388
1785,0.5760000000000001,3.39
1786,0.616,3.392
1787,0.648,3.394
1788,0.672,3.396
1789,0.6880000000000001,3.398
1790,0.704,3.4
1791,0.712,3.402
1792,0.712,3.404
1793,0.712,3.4059999999999997
1794,0.6960000000000001,3.408
1795,0.6880000000000001,3.4099999999999997
1796,0.672,3.412
1797,0.656,3.4139999999999997
1798,0.616,3.416
1799,0.584,3.4179999999999997
1800,0.552,3.42
1801,0.504,3.4219999999999997
1802,0.47200000000000003,3.424
1803,0.432,3.4259999999999997
1804,0.40800000000000003,3.428
1805,0.384,3.4299999999999997
1806,0.368,3.432
1807,0.352,3.4339999999999997
1808,0.336,3.436
1809,0.336,3.4379999999999997
1810,0.34400000000000003,3.44
1811,0.352,3.4419999999999997
1812,0.368,3.444
1813,0.384,3.4459999999999997
1814,0.40800000000000003,3.448
1815,0.432,3.4499999999999997
1816,0.47200000000000003,3.452
1817,0.504,3.4539999999999997
1818,0.536,3.456
1819,0.584,3.4579999999999997
1820,0.624,3.46
1821,0.656,3.4619999999999997
1822,0.672,3.464
1823,0.6880000000000001,3.4659999999999997
1824,0.704,3.468
1825,0.712,3.4699999999999998
1826,0.712,3.472
1827,0.712,3.4739999999999998
1828,0.704,3.476
1829,0.6880000000000001,3.4779999999999998
1830,0.672,3.48
1831,0.648,3.4819999999999998
1832,0.616,3.484
1833,0.5760000000000001,3.4859999999999998
1834,0.536,3.488
1835,0.496,3.4899999999999998
1836,0.464,3.492
1837,0.432,3.4939999999999998
1838,0.4,3.496
1839,0.384,3.4979999999999998
1840,0.368,3.5
1841,0.352,3.502
1842,0.34400000000000003,3.504
1843,0.336,3.506
1844,0.34400000000000003,3.508
1845,0.36,3.51
1846,0.368,3.512
1847,0.392,3.514
1848,0.40800000000000003,3.516
1849,0.432,3.518
1850,0.47200000000000003,3.52
1851,0.52,3.522
1852,0.552,3.524
1853,0.584,3.526
1854,0.616,3.528
1855,0.648,3.53
1856,0.68,3.532
1857,0.6880000000000001,3.534
1858,0.704,3.536
1859,0.712,3.538
1860,0.712,3.54
1861,0.712,3.542
1862,0.704,3.544
1863,0.6880000000000001,3.546
1864,0.664,3.548
1865,0.64,3.55
1866,0.616,3.552
1867,0.5760000000000001,3.554
1868,0.528,3.556
1869,0.496,3.558
1870,0.464,3.56
1871,0.432,3.562
1872,0.40800000000000003,3.564
1873,0.384,3.566
1874,0.368,3.568
1875,0.352,3.57
1876,0.34400000000000003,3.572
1877,0.336,3.574
1878,0.34400000000000003,3.576
1879,0.36,3.578
1880,0.376,3.58
1881,0.4,3.582
1882,0.41600000000000004,3.584
1883,0.44,3.586
1884,0.47200000000000003,3.588
1885,0.512,3.59
1886,0.552,3.592
1887,0.592,3.594
1888,0.624,3.596
1889,0.648,3.598
1890,0.68,3.6
1891,0.6960000000000001,3.602
1892,0.704,3.604
1893,0.704,3.606
1894,0.704,3.608
1895,0.704,3.61
1896,0.6960000000000001,3.612
1897,0.68,3.614
1898,0.656,3.616
1899,0.64,3.618
1900,0.616,3.62
1901,0.5760000000000001,3.622
1902,0.536,3.624
1903,0.48,3.626
1904,0.456,3.628
1905,0.432,3.63
1906,0.4,3.632
1907,0.376,3.634
1908,0.36,3.636
1909,0.352,3.638
1910,0.352,3.64
1911,0.352,3.642
1912,0.352,3.644
1913,0.352,3.646
1914,0.376,3.648
1915,0.392,3.65
1916,0.41600000000000004,3.652
1917,0.44,3.654
1918,0.48,3.656
1919,0.52,3.658
1920,0.56,3.6599999999999997
1921,0.592,3.662
1922,0.624,3.6639999999999997
1923,0.648,3.666
1924,0.672,3.6679999999999997
1925,0.6880000000000001,3.67
1926,0.6960000000000001,3.6719999999999997
1927,0.704,3.674
1928,0.704,3.6759999999999997
1929,0.704,3.678
1930,0.6960000000000001,3.6799999999999997
1931,0.68,3.682
1932,0.656,3.6839999999999997
1933,0.632,3.686
1934,0.6,3.6879999999999997
1935,0.5680000000000001,3.69
1936,0.528,3.6919999999999997
1937,0.488,3.694
1938,0.448,3.6959999999999997
1939,0.432,3.698
1940,0.40800000000000003,3.6999999999999997
1941,0.384,3.702
1942,0.368,3.7039999999999997
1943,0.352,3.706
1944,0.352,3.7079999999999997
1945,0.352,3.71
1946,0.352,3.7119999999999997
1947,0.36,3.714
1948,0.384,3.7159999999999997
1949,0.4,3.718
1950,0.432,3.7199999999999998
1951,0.448,3.722
1952,0.48,3.7239999999999998
1953,0.52,3.726
1954,0.56,3.7279999999999998
1955,0.6,3.73
1956,0.624,3.7319999999999998
1957,0.648,3.734
1958,0.672,3.7359999999999998
1959,0.6880000000000001,3.738
1960,0.704,3.7399999999999998
1961,0.704,3.742
1962,0.704,3.7439999999999998
1963,0.6960000000000001,3.746
1964,0.6880000000000001,3.7479999999999998
1965,0.672,3.75
1966,0.656,3.752
1967,0.624,3.754
1968,0.6,3.756
1969,0.5680000000000001,3.758
1970,0.528,3.76
1971,0.488,3.762
1972,0.448,3.764
1973,0.432,3.766
1974,0.40800000000000003,3.768
1975,0.384,3.77
1976,0.368,3.772
1977,0.352,3.774
1978,0.352,3.776
1979,0.352,3.778
1980,0.36,3.78
1981,0.368,3.782
1982,0.392,3.784
1983,0.4,3.786
1984,0.432,3.788
1985,0.456,3.79
1986,0.488,3.792
1987,0.52,3.794
1988,0.56,3.796
1989,0.6,3.798
1990,0.632,3.8
1991,0.656,3.802
1992,0.672,3.804
1993,0.6880000000000001,3.806
1994,0.6960000000000001,3.808
1995,0.704,3.81
1996,0.6960000000000001,3.812
1997,0.6960000000000001,3.814
1998,0.6880000000000001,3.816
1999,0.672,3.818
2000,0.656,3.82
2001,0.632,3.8219999999999996
2002,0.592,3.8240000000000003
2003,0.56,3.826
2004,0.528,3.828
2005,0.48,3.8299999999999996
2006,0.448,3.8320000000000003
2007,0.424,3.834
2008,0.4,3.836
2009,0.392,3.8379999999999996
2010,0.368,3.8400000000000003
2011,0.36,3.842
2012,0.352,3.844
2013,0.36,3.8459999999999996
2014,0.36,3.8480000000000003
2015,0.368,3.85
2016,0.384,3.852
2017,0.4,3.8539999999999996
2018,0.432,3.8560000000000003
2019,0.456,3.858
2020,0.496,3.86
2021,0.52,3.8619999999999997
2022,0.56,3.8640000000000003
2023,0.6,3.866
2024,0.632,3.868
2025,0.648,3.8699999999999997
2026,0.664,3.8720000000000003
2027,0.6880000000000001,3.874
2028,0.6960000000000001,3.876
2029,0.704,3.8779999999999997
2030,0.6960000000000001,3.8800000000000003
2031,0.6960000000000001,3.882
2032,0.68,3.884
2033,0.664,3.8859999999999997
2034,0.648,3.8880000000000003
2035,0.616,3.89
2036,0.584,3.892
2037,0.552,3.8939999999999997
2038,0.512,3.8960000000000004
2039,0.48,3.898
2040,0.456,3.9
2041,0.424,3.9019999999999997
2042,0.40800000000000003,3.9040000000000004
2043,0.384,3.906
2044,0.368,3.908
2045,0.36,3.9099999999999997
2046,0.352,3.9120000000000004
2047,0.352,3.914
2048,0.368,3.916
2049,0.376,3.9179999999999997
2050,0.392,3.9199999999999995
2051,0.40800000000000003,3.922
2052,0.432,3.924
2053,0.464,3.9259999999999997
2054,0.488,3.9279999999999995
2055,0.528,3.93
2056,0.56,3.932
2057,0.6,3.9339999999999997
2058,0.624,3.9359999999999995
2059,0.664,3.938
2060,0.672,3.94
2061,0.6880000000000001,3.9419999999999997
2062,0.6960000000000001,3.9439999999999995
2063,0.6960000000000001,3.946
2064,0.6960000000000001,3.948
2065,0.6880000000000001,3.9499999999999997
2066,0.672,3.9519999999999995
2067,0.664,3.954
2068,0.648,3.956
2069,0.624,3.9579999999999997
2070,0.584,3.9599999999999995
2071,0.544,3.962
2072,0.52,3.964
2073,0.488,3.9659999999999997
2074,0.456,3.9679999999999995
2075,0.432,3.97
2076,0.4,3.972
2077,0.384,3.9739999999999998
2078,0.368,3.9759999999999995
2079,0.368,3.978
2080,0.36,3.98
2081,0.36,3.9819999999999998
2082,0.368,3.9839999999999995
2083,0.384,3.986
2084,0.392,3.988
2085,0.40800000000000003,3.9899999999999998
2086,0.432,3.9919999999999995
2087,0.464,3.994
2088,0.496,3.996
2089,0.536,3.9979999999999998
2090,0.5680000000000001,3.9999999999999996
2091,0.6,4.002000000000001
2092,0.632,4.0040000000000004
2093,0.656,4.006
2094,0.672,4.008
2095,0.68,4.010000000000001
2096,0.6880000000000001,4.0120000000000005
2097,0.6960000000000001,4.014
2098,0.6960000000000001,4.016
2099,0.6880000000000001,4.018000000000001
2100,0.68,4.0200000000000005
2101,0.664,4.022
2102,0.64,4.024
2103,0.624,4.026000000000001
2104,0.584,4.0280000000000005
2105,0.544,4.03
2106,0.512,4.032
2107,0.47200000000000003,4.034000000000001
2108,0.448,4.0360000000000005
2109,0.424,4.038
2110,0.4,4.04
2111,0.384,4.042000000000001
2112,0.376,4.0440000000000005
2113,0.368,4.046
2114,0.36,4.048
2115,0.36,4.050000000000001
2116,0.368,4.0520000000000005
2117,0.384,4.054
2118,0.4,4.056
2119,0.424,4.058000000000001
2120,0.44,4.0600000000000005
2121,0.464,4.062
2122,0.504,4.064
2123,0.536,4.066000000000001
2124,0.5680000000000001,4.0680000000000005
2125,0.6,4.07
2126,0.632,4.072
2127,0.656,4.074000000000001
2128,0.672,4.0760000000000005
2129,0.6880000000000001,4.078
2130,0.6880000000000001,4.08
2131,0.6880000000000001,4.082000000000001
2132,0.6960000000000001,4.0840000000000005
2133,0.6880000000000001,4.086
2134,0.672,4.088
2135,0.656,4.090000000000001
2136,0.632,4.0920000000000005
2137,0.608,4.094
2138,0.584,4.096
2139,0.544,4.098000000000001
2140,0.504,4.1000000000000005
2141,0.47200000000000003,4.102
2142,0.448,4.104
2143,0.424,4.106000000000001
2144,0.4,4.1080000000000005
2145,0.384,4.11
2146,0.368,4.112
2147,0.368,4.114000000000001
2148,0.368,4.1160000000000005
2149,0.368,4.118
2150,0.368,4.12
2151,0.384,4.122000000000001
2152,0.40800000000000003,4.1240000000000006
2153,0.424,4.126
2154,0.44,4.128
2155,0.464,4.130000000000001
2156,0.496,4.132000000000001
2157,0.536,4.134
2158,0.5760000000000001,4.136
2159,0.608,4.138000000000001
2160,0.624,4.140000000000001
2161,0.664,4.142
2162,0.672,4.144
2163,0.6880000000000001,4.146000000000001
2164,0.6880000000000001,4.148000000000001
2165,0.6880000000000001,4.15
2166,0.6880000000000001,4.152
2167,0.68,4.154000000000001
2168,0.68,4.156000000000001
2169,0.664,4.158
2170,0.632,4.16
2171,0.6,4.162000000000001
2172,0.5760000000000001,4.164000000000001
2173,0.544,4.166
2174,0.504,4.168
2175,0.47200000000000003,4.170000000000001
2176,0.44,4.172000000000001
2177,0.424,4.174
2178,0.40800000000000003,4.176
2179,0.392,4.178
2180,0.376,4.180000000000001
2181,0.368,4.182
2182,0.368,4.184
2183,0.368,4.186
2184,0.376,4.188000000000001
2185,0.384,4.19
2186,0.4,4.192
2187,0.424,4.194
2188,0.448,4.196000000000001
2189,0.47200000000000003,4.198
2190,0.504,4.2
2191,0.544,4.202
2192,0.5760000000000001,4.204000000000001
2193,0.608,4.206
2194,0.632,4.208
2195,0.648,4.21
2196,0.672,4.212000000000001
2197,0.68,4.214
2198,0.6960000000000001,4.216
2199,0.6880000000000001,4.218
2200,0.6880000000000001,4.220000000000001
2201,0.68,4.222
2202,0.672,4.224
2203,0.656,4.226
2204,0.624,4.228000000000001
2205,0.592,4.23
2206,0.5680000000000001,4.232
2207,0.536,4.234
2208,0.504,4.236000000000001
2209,0.47200000000000003,4.238
2210,0.44,4.24
2211,0.424,4.242
2212,0.40800000000000003,4.244000000000001
2213,0.392,4.246
2214,0.368,4.248
2215,0.368,4.25
2216,0.368,4.252000000000001
2217,0.368,4.2540000000000004
2218,0.376,4.256
2219,0.392,4.258
2220,0.40800000000000003,4.260000000000001
2221,0.432,4.2620000000000005
2222,0.456,4.264
2223,0.47200000000000003,4.266
2224,0.504,4.268000000000001
2225,0.536,4.2700000000000005
2226,0.5760000000000001,4.272
2227,0.608,4.274
2228,0.632,4.276000000000001
2229,0.656,4.2780000000000005
2230,0.672,4.28
2231,0.6880000000000001,4.282
2232,0.6880000000000001,4.284000000000001
2233,0.6880000000000001,4.2860000000000005
2234,0.68,4.288
2235,0.672,4.29
2236,0.664,4.292000000000001
2237,0.648,4.2940000000000005
2238,0.624,4.296
2239,0.592,4.298
2240,0.56,4.300000000000001
2241,0.536,4.3020000000000005
2242,0.504,4.304
2243,0.47200000000000003,4.306
2244,0.44,4.308000000000001
2245,0.41600000000000004,4.3100000000000005
2246,0.4,4.312
2247,0.392,4.314
2248,0.384,4.316000000000001
2249,0.368,4.3180000000000005
2250,0.368,4.32
2251,0.376,4.322
2252,0.384,4.324000000000001
2253,0.392,4.3260000000000005
2254,0.41600000000000004,4.328
2255,0.432,4.33
2256,0.456,4.332000000000001
2257,0.488,4.3340000000000005
2258,0.512,4.336
2259,0.544,4.338
2260,0.584,4.340000000000001
2261,0.616,4.3420000000000005
2262,0.64,4.344
2263,0.656,4.346
2264,0.664,4.348000000000001
2265,0.672,4.3500000000000005
2266,0.68,4.352
2267,0.6880000000000001,4.354
2268,0.68,4.356000000000001
2269,0.672,4.3580000000000005
2270,0.664,4.36
2271,0.648,4.362
2272,0.624,4.364000000000001
2273,0.592,4.3660000000000005
2274,0.552,4.368
2275,0.528,4.37
2276,0.496,4.372000000000001
2277,0.464,4.3740000000000006
2278,0.44,4.376
2279,0.41600000000000004,4.378
2280,0.40800000000000003,4.380000000000001
2281,0.392,4.382000000000001
2282,0.384,4.384
2283,0.368,4.386
2284,0.368,4.388000000000001
2285,0.368,4.390000000000001
2286,0.392,4.392
2287,0.392,4.394
2288,0.41600000000000004,4.396000000000001
2289,0.432,4.398000000000001
2290,0.456,4.4
2291,0.488,4.402
2292,0.52,4.404000000000001
2293,0.552,4.406000000000001
2294,0.584,4.408
2295,0.608,4.41
2296,0.64,4.412000000000001
2297,0.656,4.414000000000001
2298,0.664,4.416
2299,0.68,4.418
2300,0.68,4.420000000000001
2301,0.6880000000000001,4.422000000000001
2302,0.68,4.424
2303,0.672,4.426
2304,0.648,4.428000000000001
2305,0.64,4.430000000000001
2306,0.616,4.432
2307,0.584,4.434
2308,0.56,4.436
2309,0.52,4.438000000000001
2310,0.496,4.44
2311,0.464,4.442
2312,0.448,4.444
2313,0.41600000000000004,4.446000000000001
2314,0.4,4.448
2315,0.392,4.45
2316,0.376,4.452
2317,0.376,4.454000000000001
2318,0.376,4.456
2319,0.376,4.458
2320,0.392,4.46
2321,0.40800000000000003,4.462000000000001
2322,0.41600000000000004,4.464
2323,0.432,4.466
2324,0.464,4.468
2325,0.488,4.470000000000001
2326,0.52,4.472
2327,0.552,4.474
2328,0.584,4.476
2329,0.616,4.478000000000001
2330,0.64,4.48
2331,0.656,4.482
2332,0.672,4.484
2333,0.672,4.486000000000001
2334,0.68,4.488
2335,0.68,4.49
2336,0.68,4.492
2337,0.664,4.494000000000001
2338,0.656,4.496
2339,0.632,4.498
2340,0.616,4.5
2341,0.584,4.502000000000001
2342,0.552,4.5040000000000004
2343,0.52,4.506
2344,0.488,4.508
2345,0.464,4.510000000000001
2346,0.44,4.5120000000000005
2347,0.41600000000000004,4.514
2348,0.4,4.516
2349,0.384,4.518000000000001
2350,0.376,4.5200000000000005
2351,0.376,4.522
2352,0.384,4.524
2353,0.376,4.526000000000001
2354,0.392,4.5280000000000005
2355,0.40800000000000003,4.53
2356,0.424,4.532
2357,0.44,4.534000000000001
2358,0.464,4.5360000000000005
2359,0.496,4.538
2360,0.536,4.54
2361,0.56,4.542000000000001
2362,0.584,4.5440000000000005
2363,0.616,4.546
2364,0.64,4.548
2365,0.656,4.550000000000001
2366,0.672,4.5520000000000005
2367,0.68,4.554
2368,0.68,4.556
2369,0.68,4.558000000000001
2370,0.672,4.5600000000000005
2371,0.664,4.562
2372,0.648,4.564
2373,0.632,4.566000000000001
2374,0.608,4.5680000000000005
2375,0.584,4.57
2376,0.552,4.572
2377,0.512,4.574000000000001
2378,0.48,4.5760000000000005
2379,0.456,4.578
2380,0.44,4.58
2381,0.41600000000000004,4.582000000000001
2382,0.4,4.5840000000000005
2383,0.392,4.586
2384,0.376,4.588
2385,0.376,4.590000000000001
2386,0.376,4.5920000000000005
2387,0.384,4.594
2388,0.392,4.596
2389,0.40800000000000003,4.598000000000001
2390,0.432,4.6000000000000005
2391,0.448,4.602
2392,0.47200000000000003,4.604
2393,0.496,4.606000000000001
2394,0.528,4.6080000000000005
2395,0.56,4.61
2396,0.592,4.612
2397,0.616,4.614000000000001
2398,0.64,4.6160000000000005
2399,0.656,4.618
2400,0.672,4.62
2401,0.68,4.622000000000001
2402,0.68,4.6240000000000006
2403,0.68,4.626
2404,0.672,4.628
2405,0.664,4.630000000000001
2406,0.648,4.632000000000001
2407,0.624,4.634
2408,0.6,4.636
2409,0.584,4.638000000000001
2410,0.552,4.640000000000001
2411,0.52,4.642
2412,0.488,4.644
2413,0.456,4.646000000000001
2414,0.432,4.648000000000001
2415,0.41600000000000004,4.65
2416,0.4,4.652
2417,0.392,4.654000000000001
2418,0.376,4.656000000000001
2419,0.384,4.658
2420,0.384,4.66
2421,0.384,4.662000000000001
2422,0.392,4.664000000000001
2423,0.41600000000000004,4.666
2424,0.424,4.668
2425,0.448,4.670000000000001
2426,0.47200000000000003,4.672000000000001
2427,0.496,4.674
2428,0.528,4.676
2429,0.5680000000000001,4.678000000000001
2430,0.6,4.680000000000001
2431,0.616,4.682
2432,0.64,4.684
2433,0.656,4.686
2434,0.672,4.688000000000001
2435,0.672,4.69
2436,0.672,4.692
2437,0.672,4.694
2438,0.664,4.696000000000001
2439,0.664,4.698
2440,0.656,4.7
2441,0.632,4.702
2442,0.6,4.704000000000001
2443,0.5680000000000001,4.706
2444,0.552,4.708
2445,0.512,4.71
2446,0.48,4.712000000000001
2447,0.456,4.714
2448,0.432,4.716
2449,0.41600000000000004,4.718
2450,0.40800000000000003,4.720000000000001
2451,0.392,4.722
2452,0.384,4.724
2453,0.376,4.726
2454,0.384,4.728000000000001
2455,0.392,4.73
2456,0.4,4.732
2457,0.40800000000000003,4.734
2458,0.432,4.736000000000001
2459,0.448,4.738
2460,0.47200000000000003,4.74
2461,0.504,4.742
2462,0.536,4.744000000000001
2463,0.56,4.746
2464,0.592,4.748
2465,0.616,4.75
2466,0.64,4.752000000000001
2467,0.656,4.7540000000000004
2468,0.664,4.756
2469,0.672,4.758
2470,0.68,4.760000000000001
2471,0.672,4.7620000000000005
2472,0.664,4.764
2473,0.656,4.766
2474,0.648,4.768000000000001
2475,0.624,4.7700000000000005
2476,0.6,4.772
2477,0.5680000000000001,4.774
2478,0.544,4.776000000000001
2479,0.512,4.7780000000000005
2480,0.488,4.78
2481,0.464,4.782
2482,0.432,4.784000000000001
2483,0.41600000000000004,4.7860000000000005
2484,0.4,4.788
2485,0.392,4.79
2486,0.384,4.792000000000001
2487,0.384,4.7940000000000005
2488,0.384,4.796
2489,0.392,4.798
2490,0.4,4.800000000000001
2491,0.41600000000000004,4.8020000000000005
2492,0.432,4.804
2493,0.448,4.806
2494,0.47200000000000003,4.808000000000001
2495,0.504,4.8100000000000005
2496,0.536,4.812
2497,0.56,4.814
2498,0.592,4.816000000000001
2499,0.624,4.8180000000000005
