Record Length,2500,Points,-260.00002E-3,488.000035E-3,
Sample Interval,2.0000E-3,s,-258.00002E-3,496.000022E-3,
Trigger Point,130.0000,Samples,-256.00001E-3,504.000008E-3,
,,,-254.00001E-3,512.000024E-3,
,,,-252.00003E-3,520.000041E-3,
,,,-250.00003E-3,520.000041E-3,
Source,CH1,,-248.00003E-3,536.000013E-3,
Vertical Units,Volts,,-246.00002E-3,544.000030E-3,
Vertical Scale,200.00001E-3,,-244.00002E-3,544.000030E-3,
Vertical Offset,0,,-242.00001E-3,544.000030E-3,
Horizontal Units,s,,-240.00002E-3,544.000030E-3,
Horizontal Scale,500.000024E-3,,-238.00002E-3,544.000030E-3,
Pt Fmt,Y,,-236.00002E-3,544.000030E-3,
Yzero,-2.88000,,-234.00001E-3,536.000013E-3,
Probe Atten,10.0000,,-232.00002E-3,536.000013E-3,
,,,-230.00002E-3,527.999997E-3,
Note,TDS 1002B - 05:53:34 p.m.   07/10/2021,,-228.00002E-3,520.000041E-3,
,,,-226.00003E-3,512.000024E-3,
,,,-224.00002E-3,504.000008E-3,
,,,-222.00002E-3,488.000035E-3,
,,,-220.00001E-3,488.000035E-3,
,,,-218.00002E-3,480.000019E-3,
,,,-216.00002E-3,472.000033E-3,
,,,-214.00002E-3,464.000016E-3,
,,,-212.00001E-3,456.000030E-3,
,,,-210.00002E-3,464.000016E-3,
,,,-208.00002E-3,456.000030E-3,
,,,-206.00002E-3,448.000014E-3,
,,,-204.00001E-3,464.000016E-3,
,,,-202.00002E-3,456.000030E-3,
,,,-200.00002E-3,464.000016E-3,
,,,-198.00001E-3,464.000016E-3,
,,,-196.00001E-3,472.000033E-3,
,,,-194.00002E-3,480.000019E-3,
,,,-192.00002E-3,488.000035E-3,
,,,-190.00001E-3,488.000035E-3,
,,,-188.00002E-3,504.000008E-3,
,,,-186.00002E-3,512.000024E-3,
,,,-184.00002E-3,520.000041E-3,
,,,-182.00001E-3,520.000041E-3,
,,,-180.00002E-3,536.000013E-3,
,,,-178.00002E-3,536.000013E-3,
,,,-176.00001E-3,544.000030E-3,
,,,-174.00001E-3,544.000030E-3,
,,,-172.00002E-3,536.000013E-3,
,,,-170.00002E-3,544.000030E-3,
,,,-168.00001E-3,536.000013E-3,
,,,-166.00001E-3,527.999997E-3,
,,,-164.00002E-3,536.000013E-3,
,,,-162.00002E-3,527.999997E-3,
,,,-160.00001E-3,520.000041E-3,
,,,-158.00002E-3,512.000024E-3,
,,,-156.00002E-3,504.000008E-3,
,,,-154.00001E-3,488.000035E-3,
,,,-152.00001E-3,488.000035E-3,
,,,-150.00002E-3,480.000019E-3,
,,,-148.0000E-3,472.000033E-3,
,,,-146.0000E-3,464.000016E-3,
,,,-144.0000E-3,464.000016E-3,
,,,-142.0000E-3,456.000030E-3,
,,,-140.0000E-3,464.000016E-3,
,,,-138.0000E-3,456.000030E-3,
,,,-136.0000E-3,456.000030E-3,
,,,-134.0000E-3,456.000030E-3,
,,,-132.0000E-3,464.000016E-3,
,,,-130.0000E-3,472.000033E-3,
,,,-128.0000E-3,472.000033E-3,
,,,-126.0000E-3,480.000019E-3,
,,,-124.0000E-3,488.000035E-3,
,,,-122.0000E-3,496.000022E-3,
,,,-120.0000E-3,504.000008E-3,
,,,-118.0000E-3,512.000024E-3,
,,,-116.0000E-3,520.000041E-3,
,,,-114.0000E-3,527.999997E-3,
,,,-112.0000E-3,527.999997E-3,
,,,-110.0000E-3,536.000013E-3,
,,,-108.0000E-3,544.000030E-3,
,,,-106.0000E-3,544.000030E-3,
,,,-104.0000E-3,544.000030E-3,
,,,-102.0000E-3,544.000030E-3,
,,,-100.0000E-3,536.000013E-3,
,,,-98.000012E-3,536.000013E-3,
,,,-96.000016E-3,527.999997E-3,
,,,-94.000012E-3,520.000041E-3,
,,,-92.000015E-3,520.000041E-3,
,,,-90.000011E-3,504.000008E-3,
,,,-88.000014E-3,496.000022E-3,
,,,-86.000010E-3,488.000035E-3,
,,,-84.000014E-3,488.000035E-3,
,,,-82.000010E-3,480.000019E-3,
,,,-80.000013E-3,472.000033E-3,
,,,-78.000009E-3,464.000016E-3,
,,,-76.000012E-3,464.000016E-3,
,,,-74.000008E-3,456.000030E-3,
,,,-72.000012E-3,456.000030E-3,
,,,-70.000008E-3,456.000030E-3,
,,,-68.000011E-3,456.000030E-3,
,,,-66.000015E-3,464.000016E-3,
,,,-64.000010E-3,464.000016E-3,
,,,-62.000010E-3,472.000033E-3,
,,,-60.000010E-3,472.000033E-3,
,,,-58.000010E-3,480.000019E-3,
,,,-56.000009E-3,488.000035E-3,
,,,-54.00001E-3,496.000022E-3,
,,,-52.00001E-3,504.000008E-3,
,,,-50.00001E-3,512.000024E-3,
,,,-48.00001E-3,520.000041E-3,
,,,-46.00001E-3,527.999997E-3,
,,,-44.00001E-3,527.999997E-3,
,,,-42.00001E-3,536.000013E-3,
,,,-40.00001E-3,544.000030E-3,
,,,-38.00001E-3,536.000013E-3,
,,,-36.00001E-3,544.000030E-3,
,,,-34.00001E-3,544.000030E-3,
,,,-32.00001E-3,536.000013E-3,
,,,-30.00001E-3,536.000013E-3,
,,,-28.00001E-3,527.999997E-3,
,,,-26.00001E-3,527.999997E-3,
,,,-24.00001E-3,520.000041E-3,
,,,-22.00001E-3,504.000008E-3,
,,,-20.0000E-3,504.000008E-3,
,,,-18.0000E-3,496.000022E-3,
,,,-16.0000E-3,488.000035E-3,
,,,-14.0000E-3,480.000019E-3,
,,,-12.0000E-3,472.000033E-3,
,,,-10.0000E-3,472.000033E-3,
,,,-8.000009E-3,440.000027E-3,
,,,-6.00001E-3,360.00001E-3,
,,,-4.00001E-3,536.000013E-3,
,,,-2.0000E-3,872.000039E-3,
,,,-7.916242E-9,1.0720,
,,,2.0000E-3,1.000,
,,,3.99999E-3,808.000028E-3,
,,,5.99999E-3,872.000039E-3,
,,,7.999992E-3,1.0880,
,,,9.999992E-3,1.2400,
,,,12.0000E-3,1.1600,
,,,14.0000E-3,912.000060E-3,
,,,16.0000E-3,792.000055E-3,
,,,18.0000E-3,904.000044E-3,
,,,20.0000E-3,1.0400,
,,,21.99999E-3,936.000049E-3,
,,,23.99999E-3,608.000040E-3,
,,,25.99999E-3,384.00000E-3,
,,,27.99999E-3,384.00000E-3,
,,,29.99999E-3,480.000019E-3,
,,,31.99999E-3,424.000025E-3,
,,,33.99999E-3,256.00001E-3,
,,,35.99999E-3,104.0000E-3,
,,,38.00000E-3,80.000006E-3,
,,,40.00000E-3,128.0000E-3,
,,,42.00000E-3,192.00000E-3,
,,,43.99999E-3,144.0000E-3,
,,,45.99999E-3,64.000003E-3,
,,,47.99999E-3,64.000003E-3,
,,,49.99999E-3,112.0000E-3,
,,,51.99999E-3,272.00001E-3,
,,,53.99999E-3,320.00002E-3,
,,,55.999994E-3,240.00001E-3,
,,,57.999995E-3,232.00001E-3,
,,,59.999995E-3,360.00001E-3,
,,,61.999995E-3,632.000029E-3,
,,,63.999996E-3,792.000055E-3,
,,,65.999992E-3,752.000034E-3,
,,,67.999996E-3,712.000012E-3,
,,,69.999993E-3,792.000055E-3,
,,,71.999997E-3,1.0080,
,,,73.999994E-3,1.1360,
,,,75.999998E-3,1.1200,
,,,77.999994E-3,1.0080,
,,,79.999998E-3,936.000049E-3,
,,,81.999995E-3,1.000,
,,,83.999999E-3,1.0800,
,,,85.999995E-3,1.0640,
,,,88.000000E-3,872.000039E-3,
,,,89.999996E-3,624.000013E-3,
,,,91.999993E-3,568.000019E-3,
,,,93.999997E-3,640.000045E-3,
,,,95.999993E-3,632.000029E-3,
,,,97.999997E-3,416.000009E-3,
,,,99.999994E-3,224.00001E-3,
,,,102.0000E-3,152.00001E-3,
,,,104.0000E-3,192.00000E-3,
,,,106.0000E-3,248.00001E-3,
,,,108.0000E-3,168.00001E-3,
,,,110.0000E-3,80.000006E-3,
,,,112.0000E-3,56.000002E-3,
,,,114.0000E-3,80.000006E-3,
,,,116.0000E-3,176.00001E-3,
,,,118.0000E-3,200.00000E-3,
,,,120.0000E-3,160.00001E-3,
,,,122.0000E-3,128.0000E-3,
,,,124.0000E-3,208.00000E-3,
,,,126.0000E-3,400.00001E-3,
,,,128.0000E-3,544.000030E-3,
,,,130.0000E-3,552.000046E-3,
,,,132.0000E-3,488.000035E-3,
,,,134.0000E-3,584.000051E-3,
,,,136.0000E-3,856.000066E-3,
,,,138.0000E-3,1.0320,
,,,140.0000E-3,1.0400,
,,,142.0000E-3,936.000049E-3,
,,,144.0000E-3,920.000017E-3,
,,,146.0000E-3,1.0320,
,,,148.0000E-3,1.1600,
,,,150.00001E-3,1.1280,
,,,152.00000E-3,952.000022E-3,
,,,154.00000E-3,816.000044E-3,
,,,156.00000E-3,800.000012E-3,
,,,157.99999E-3,888.000071E-3,
,,,160.00000E-3,816.000044E-3,
,,,162.00000E-3,584.000051E-3,
,,,164.00000E-3,384.00000E-3,
,,,165.99999E-3,304.00002E-3,
,,,168.00000E-3,336.00003E-3,
,,,170.00000E-3,336.00003E-3,
,,,172.00001E-3,240.00001E-3,
,,,173.99999E-3,112.0000E-3,
,,,176.00000E-3,80.000006E-3,
,,,178.00000E-3,104.0000E-3,
,,,180.00001E-3,152.00001E-3,
,,,182.00000E-3,152.00001E-3,
,,,184.00000E-3,96.000001E-3,
,,,186.00000E-3,80.000006E-3,
,,,187.99999E-3,144.0000E-3,
,,,190.00000E-3,264.00000E-3,
,,,192.00000E-3,352.00003E-3,
,,,194.00001E-3,336.00003E-3,
,,,195.99999E-3,352.00003E-3,
,,,198.00000E-3,456.000030E-3,
,,,200.00000E-3,656.000018E-3,
,,,202.00001E-3,848.000050E-3,
,,,204.00000E-3,864.000022E-3,
,,,206.00000E-3,856.000066E-3,
,,,208.00000E-3,888.000071E-3,
,,,210.00001E-3,1.000,
,,,212.00000E-3,1.1120,
,,,214.00000E-3,1.1120,
,,,216.00001E-3,1.0320,
,,,218.00001E-3,944.000065E-3,
,,,220.00000E-3,952.000022E-3,
,,,222.00000E-3,992.000043E-3,
,,,224.00001E-3,960.000038E-3,
,,,226.00000E-3,800.000012E-3,
,,,228.00000E-3,576.000035E-3,
,,,230.00000E-3,496.000022E-3,
,,,232.00001E-3,488.000035E-3,
,,,234.00000E-3,472.000033E-3,
,,,236.00000E-3,344.00001E-3,
,,,238.00001E-3,208.00000E-3,
,,,240.00001E-3,144.0000E-3,
,,,242.00000E-3,144.0000E-3,
,,,244.00000E-3,176.00001E-3,
,,,246.00001E-3,152.00001E-3,
,,,248.00001E-3,104.0000E-3,
,,,250.00000E-3,80.000006E-3,
,,,252.00000E-3,88.000007E-3,
,,,254.00001E-3,168.00001E-3,
,,,256.00001E-3,232.00001E-3,
,,,258.00002E-3,240.00001E-3,
,,,259.99999E-3,232.00001E-3,
,,,261.99999E-3,288.00002E-3,
,,,264.00000E-3,456.000030E-3,
,,,266.00000E-3,616.000056E-3,
,,,268.00001E-3,688.000023E-3,
,,,270.00001E-3,672.000051E-3,
,,,272.00001E-3,728.000045E-3,
,,,274.00002E-3,904.000044E-3,
,,,275.99999E-3,1.0320,
,,,278.00000E-3,1.0720,
,,,280.00000E-3,1.0080,
,,,282.00001E-3,960.000038E-3,
,,,284.00001E-3,1.0080,
,,,286.00001E-3,1.0720,
,,,288.00002E-3,1.0640,
,,,289.99999E-3,936.000049E-3,
,,,292.00000E-3,776.000023E-3,
,,,294.00000E-3,696.000040E-3,
,,,296.00000E-3,704.000056E-3,
,,,298.00001E-3,656.000018E-3,
,,,300.00001E-3,496.000022E-3,
,,,302.00002E-3,328.00001E-3,
,,,304.00002E-3,248.00001E-3,
,,,305.99999E-3,248.00001E-3,
,,,308.00000E-3,256.00001E-3,
,,,310.00000E-3,192.00000E-3,
,,,312.00001E-3,112.0000E-3,
,,,314.00001E-3,80.000006E-3,
,,,316.00001E-3,104.0000E-3,
,,,318.00002E-3,144.0000E-3,
,,,319.99999E-3,160.00001E-3,
,,,322.00000E-3,144.0000E-3,
,,,324.00000E-3,136.0000E-3,
,,,326.00001E-3,200.00000E-3,
,,,328.00001E-3,320.00002E-3,
,,,330.00001E-3,416.000009E-3,
,,,332.00002E-3,456.000030E-3,
,,,334.00002E-3,480.000019E-3,
,,,336.00000E-3,568.000019E-3,
,,,338.00000E-3,736.000061E-3,
,,,340.00000E-3,896.000028E-3,
,,,342.00001E-3,952.000022E-3,
,,,344.00001E-3,936.000049E-3,
,,,346.00002E-3,952.000022E-3,
,,,348.00002E-3,1.0080,
,,,349.99999E-3,1.0800,
,,,352.00000E-3,1.0800,
,,,354.00000E-3,1.0080,
,,,356.00001E-3,928.000033E-3,
,,,358.00001E-3,888.000071E-3,
,,,360.00001E-3,888.000071E-3,
,,,362.00002E-3,824.000061E-3,
,,,364.00002E-3,680.000007E-3,
,,,366.00000E-3,512.000024E-3,
,,,368.00000E-3,416.000009E-3,
,,,370.00000E-3,384.00000E-3,
,,,372.00001E-3,344.00001E-3,
,,,374.00001E-3,280.00000E-3,
,,,376.00002E-3,184.00002E-3,
,,,378.00002E-3,128.0000E-3,
,,,380.00000E-3,128.0000E-3,
,,,382.00000E-3,136.0000E-3,
,,,384.00000E-3,144.0000E-3,
,,,386.00001E-3,120.0000E-3,
,,,388.00001E-3,104.0000E-3,
,,,390.00002E-3,128.0000E-3,
,,,392.00002E-3,200.00000E-3,
,,,394.00002E-3,288.00002E-3,
,,,396.00000E-3,320.00002E-3,
,,,398.00000E-3,336.00003E-3,
,,,400.00001E-3,392.00002E-3,
,,,402.00001E-3,527.999997E-3,
,,,404.000014E-3,696.000040E-3,
,,,406.000018E-3,792.000055E-3,
,,,408.000022E-3,816.000044E-3,
,,,410.000026E-3,840.000033E-3,
,,,412.000000E-3,944.000065E-3,
,,,414.000005E-3,1.0320,
,,,416.000009E-3,1.0720,
,,,418.000013E-3,1.0320,
,,,420.000017E-3,976.000071E-3,
,,,422.000021E-3,968.000054E-3,
,,,424.000025E-3,984.000027E-3,
,,,425.999999E-3,976.000071E-3,
,,,428.000003E-3,872.000039E-3,
,,,430.000007E-3,696.000040E-3,
,,,432.000011E-3,592.000008E-3,
,,,434.000015E-3,552.000046E-3,
,,,436.000019E-3,520.000041E-3,
,,,438.000023E-3,400.00001E-3,
,,,440.000027E-3,288.00002E-3,
,,,442.000002E-3,208.00000E-3,
,,,444.000006E-3,192.00000E-3,
,,,446.000010E-3,200.00000E-3,
,,,448.000014E-3,168.00001E-3,
,,,450.000018E-3,120.0000E-3,
,,,452.000022E-3,96.000001E-3,
,,,454.000026E-3,104.0000E-3,
,,,456.000000E-3,160.00001E-3,
,,,458.000004E-3,192.00000E-3,
,,,460.000008E-3,208.00000E-3,
,,,462.000012E-3,208.00000E-3,
,,,464.000016E-3,272.00001E-3,
,,,466.000021E-3,384.00000E-3,
,,,468.000025E-3,496.000022E-3,
,,,470.000029E-3,568.000019E-3,
,,,472.000003E-3,600.000024E-3,
,,,474.000007E-3,696.000040E-3,
,,,476.000011E-3,832.000017E-3,
,,,478.000015E-3,944.000065E-3,
,,,480.000019E-3,992.000043E-3,
,,,482.000023E-3,976.000071E-3,
,,,484.000027E-3,984.000027E-3,
,,,486.000001E-3,1.0080,
,,,488.000005E-3,1.0400,
,,,490.000010E-3,1.0320,
,,,492.000014E-3,960.000038E-3,
,,,494.000018E-3,888.000071E-3,
,,,496.000022E-3,800.000012E-3,
,,,498.000026E-3,760.000050E-3,
,,,500.000000E-3,680.000007E-3,
,,,502.000034E-3,560.000002E-3,
,,,504.000008E-3,448.000014E-3,
,,,506.000042E-3,352.00003E-3,
,,,508.000016E-3,304.00002E-3,
,,,509.999990E-3,272.00001E-3,
,,,512.000024E-3,224.00001E-3,
,,,513.999999E-3,168.00001E-3,
,,,516.000032E-3,120.0000E-3,
,,,518.000007E-3,120.0000E-3,
,,,520.000041E-3,128.0000E-3,
,,,522.000015E-3,152.00001E-3,
,,,523.999989E-3,144.0000E-3,
,,,526.000023E-3,152.00001E-3,
,,,527.999997E-3,192.00000E-3,
,,,530.000031E-3,256.00001E-3,
,,,532.000005E-3,344.00001E-3,
,,,534.000039E-3,400.00001E-3,
,,,536.000013E-3,448.000014E-3,
,,,538.000047E-3,512.000024E-3,
,,,540.000021E-3,624.000013E-3,
,,,541.999996E-3,784.000039E-3,
,,,544.000030E-3,872.000039E-3,
,,,546.000004E-3,904.000044E-3,
,,,548.000038E-3,928.000033E-3,
,,,550.000012E-3,976.000071E-3,
,,,552.000046E-3,1.0400,
,,,554.000020E-3,1.0560,
,,,555.999994E-3,1.0240,
,,,558.000028E-3,960.000038E-3,
,,,560.000002E-3,920.000017E-3,
,,,562.000036E-3,912.000060E-3,
,,,564.000010E-3,872.000039E-3,
,,,566.000044E-3,768.000007E-3,
,,,568.000019E-3,600.000024E-3,
,,,569.999993E-3,504.000008E-3,
,,,572.000027E-3,448.000014E-3,
,,,574.000001E-3,408.000022E-3,
,,,576.000035E-3,336.00003E-3,
,,,578.000009E-3,248.00001E-3,
,,,580.000043E-3,184.00002E-3,
,,,582.000017E-3,160.00001E-3,
,,,583.999991E-3,168.00001E-3,
,,,586.000025E-3,160.00001E-3,
,,,588.000000E-3,128.0000E-3,
,,,590.000033E-3,120.0000E-3,
,,,592.000008E-3,144.0000E-3,
,,,594.000041E-3,192.00000E-3,
,,,596.000016E-3,248.00001E-3,
,,,598.000050E-3,272.00001E-3,
,,,600.000024E-3,312.00001E-3,
,,,601.999998E-3,368.00003E-3,
,,,604.000032E-3,480.000019E-3,
,,,606.000006E-3,592.000008E-3,
,,,608.000040E-3,680.000007E-3,
,,,610.000014E-3,736.000061E-3,
,,,612.000048E-3,800.000012E-3,
,,,614.000022E-3,912.000060E-3,
,,,615.999997E-3,984.000027E-3,
,,,618.000031E-3,1.0160,
,,,620.000005E-3,1.0080,
,,,622.000039E-3,1.000,
,,,624.000013E-3,1.000,
,,,626.000047E-3,1.000,
,,,628.000021E-3,976.000071E-3,
,,,629.999995E-3,896.000028E-3,
,,,632.000029E-3,792.000055E-3,
,,,634.000003E-3,712.000012E-3,
,,,636.000037E-3,632.000029E-3,
,,,638.000011E-3,560.000002E-3,
,,,640.000045E-3,464.000016E-3,
,,,642.000020E-3,368.00003E-3,
,,,643.999994E-3,296.00000E-3,
,,,646.000028E-3,256.00001E-3,
,,,648.000002E-3,224.00001E-3,
,,,650.000036E-3,192.00000E-3,
,,,652.000010E-3,160.00001E-3,
,,,654.000044E-3,136.0000E-3,
,,,656.000018E-3,136.0000E-3,
,,,658.000052E-3,152.00001E-3,
,,,660.000026E-3,168.00001E-3,
,,,662.000000E-3,200.00000E-3,
,,,664.000034E-3,224.00001E-3,
,,,666.000009E-3,264.00000E-3,
,,,668.000042E-3,336.00003E-3,
,,,670.000017E-3,416.000009E-3,
,,,672.000051E-3,504.000008E-3,
,,,674.000025E-3,568.000019E-3,
,,,675.999999E-3,648.000002E-3,
,,,678.000033E-3,744.000018E-3,
,,,680.000007E-3,856.000066E-3,
,,,682.000041E-3,936.000049E-3,
,,,684.000015E-3,968.000054E-3,
,,,686.000049E-3,976.000071E-3,
,,,688.000023E-3,992.000043E-3,
,,,689.999998E-3,1.0240,
,,,692.000031E-3,1.0320,
,,,694.000006E-3,1.000,
,,,696.000040E-3,928.000033E-3,
,,,698.000014E-3,856.000066E-3,
,,,700.000048E-3,816.000044E-3,
,,,702.000022E-3,752.000034E-3,
,,,703.999996E-3,648.000002E-3,
,,,706.000030E-3,520.000041E-3,
,,,708.000004E-3,424.000025E-3,
,,,710.000038E-3,368.00003E-3,
,,,712.000012E-3,328.00001E-3,
,,,714.000046E-3,280.00000E-3,
,,,716.000021E-3,216.00001E-3,
,,,718.000054E-3,168.00001E-3,
,,,720.000029E-3,152.00001E-3,
,,,722.000003E-3,160.00001E-3,
,,,724.000037E-3,168.00001E-3,
,,,726.000011E-3,160.00001E-3,
,,,728.000045E-3,152.00001E-3,
,,,730.000019E-3,192.00000E-3,
,,,732.000053E-3,240.00001E-3,
,,,734.000027E-3,312.00001E-3,
,,,736.000001E-3,352.00003E-3,
,,,738.000035E-3,400.00001E-3,
,,,740.000010E-3,472.000033E-3,
,,,742.000043E-3,576.000035E-3,
,,,744.000018E-3,704.000056E-3,
,,,746.000051E-3,784.000039E-3,
,,,748.000026E-3,840.000033E-3,
,,,750.000000E-3,888.000071E-3,
,,,752.000034E-3,960.000038E-3,
,,,754.000008E-3,1.0160,
,,,756.000042E-3,1.0240,
,,,758.000016E-3,1.0080,
,,,760.000050E-3,984.000027E-3,
,,,762.000024E-3,976.000071E-3,
,,,764.000058E-3,952.000022E-3,
,,,766.000032E-3,904.000044E-3,
,,,768.000007E-3,808.000028E-3,
,,,770.000041E-3,704.000056E-3,
,,,772.000015E-3,616.000056E-3,
,,,774.000049E-3,536.000013E-3,
,,,776.000023E-3,472.000033E-3,
,,,778.000057E-3,384.00000E-3,
,,,780.000031E-3,320.00002E-3,
,,,782.000005E-3,264.00000E-3,
,,,784.000039E-3,224.00001E-3,
,,,786.000013E-3,200.00000E-3,
,,,788.000047E-3,176.00001E-3,
,,,790.000021E-3,160.00001E-3,
,,,792.000055E-3,152.00001E-3,
,,,794.000030E-3,160.00001E-3,
,,,796.000004E-3,192.00000E-3,
,,,798.000038E-3,216.00001E-3,
,,,800.000012E-3,264.00000E-3,
,,,802.000046E-3,304.00002E-3,
,,,804.000020E-3,352.00003E-3,
,,,806.000054E-3,424.000025E-3,
,,,808.000028E-3,504.000008E-3,
,,,810.000002E-3,600.000024E-3,
,,,812.000036E-3,680.000007E-3,
,,,814.000010E-3,760.000050E-3,
,,,816.000044E-3,848.000050E-3,
,,,818.000019E-3,920.000017E-3,
,,,820.000052E-3,976.000071E-3,
,,,822.000027E-3,1.000,
,,,824.000061E-3,1.000,
,,,826.000035E-3,1.000,
,,,828.000009E-3,1.000,
,,,830.000043E-3,992.000043E-3,
,,,832.000017E-3,952.000022E-3,
,,,834.000051E-3,872.000039E-3,
,,,836.000025E-3,776.000023E-3,
,,,838.000059E-3,704.000056E-3,
,,,840.000033E-3,632.000029E-3,
,,,842.000008E-3,544.000030E-3,
,,,844.000041E-3,456.000030E-3,
,,,846.000016E-3,360.00001E-3,
,,,848.000050E-3,320.00002E-3,
,,,850.000024E-3,280.00000E-3,
,,,852.000058E-3,248.00001E-3,
,,,854.000032E-3,200.00000E-3,
,,,856.000006E-3,168.00001E-3,
,,,858.000040E-3,160.00001E-3,
,,,860.000014E-3,168.00001E-3,
,,,862.000048E-3,192.00000E-3,
,,,864.000022E-3,192.00000E-3,
,,,866.000056E-3,208.00000E-3,
,,,868.000031E-3,256.00001E-3,
,,,870.000005E-3,312.00001E-3,
,,,872.000039E-3,384.00000E-3,
,,,874.000013E-3,448.000014E-3,
,,,876.000047E-3,496.000022E-3,
,,,878.000021E-3,576.000035E-3,
,,,880.000055E-3,680.000007E-3,
,,,882.000029E-3,800.000012E-3,
,,,884.000063E-3,872.000039E-3,
,,,886.000037E-3,912.000060E-3,
,,,888.000011E-3,944.000065E-3,
,,,890.000045E-3,984.000027E-3,
,,,892.000020E-3,1.0240,
,,,894.000053E-3,1.0160,
,,,896.000028E-3,992.000043E-3,
,,,898.000062E-3,952.000022E-3,
,,,900.000036E-3,920.000017E-3,
,,,902.000010E-3,880.000055E-3,
,,,904.000044E-3,808.000028E-3,
,,,906.000018E-3,704.000056E-3,
,,,908.000052E-3,592.000008E-3,
,,,910.000026E-3,512.000024E-3,
,,,912.000060E-3,456.000030E-3,
,,,914.000034E-3,384.00000E-3,
,,,916.000009E-3,328.00001E-3,
,,,918.000042E-3,264.00000E-3,
,,,920.000017E-3,232.00001E-3,
,,,922.000051E-3,200.00000E-3,
,,,924.000025E-3,192.00000E-3,
,,,926.000059E-3,176.00001E-3,
,,,928.000033E-3,168.00001E-3,
,,,930.000007E-3,176.00001E-3,
,,,932.000041E-3,192.00000E-3,
,,,934.000015E-3,232.00001E-3,
,,,936.000049E-3,272.00001E-3,
,,,938.000023E-3,320.00002E-3,
,,,940.000057E-3,376.00002E-3,
,,,942.000031E-3,440.000027E-3,
,,,944.000065E-3,520.000041E-3,
,,,946.000040E-3,608.000040E-3,
,,,948.000014E-3,704.000056E-3,
,,,950.000048E-3,784.000039E-3,
,,,952.000022E-3,848.000050E-3,
,,,954.000056E-3,920.000017E-3,
,,,956.000030E-3,960.000038E-3,
,,,958.000064E-3,1.000,
,,,960.000038E-3,1.0080,
,,,962.000012E-3,1.000,
,,,964.000046E-3,984.000027E-3,
,,,966.000021E-3,952.000022E-3,
,,,968.000054E-3,928.000033E-3,
,,,970.000029E-3,864.000022E-3,
,,,972.000062E-3,776.000023E-3,
,,,974.000037E-3,688.000023E-3,
,,,976.000011E-3,592.000008E-3,
,,,978.000045E-3,527.999997E-3,
,,,980.000019E-3,456.000030E-3,
,,,982.000053E-3,376.00002E-3,
,,,984.000027E-3,312.00001E-3,
,,,986.000061E-3,264.00000E-3,
,,,988.000035E-3,232.00001E-3,
,,,990.000010E-3,208.00000E-3,
,,,992.000043E-3,184.00002E-3,
,,,994.000018E-3,168.00001E-3,
,,,996.000051E-3,168.00001E-3,
,,,998.000026E-3,184.00002E-3,
,,,1.000,216.00001E-3,
,,,1.0020,248.00001E-3,
,,,1.0040,272.00001E-3,
,,,1.0060,312.00001E-3,
,,,1.0080,384.00000E-3,
,,,1.0100,464.000016E-3,
,,,1.0120,536.000013E-3,
,,,1.0140,600.000024E-3,
,,,1.0160,680.000007E-3,
,,,1.0180,784.000039E-3,
,,,1.0200,872.000039E-3,
,,,1.0220,936.000049E-3,
,,,1.0240,952.000022E-3,
,,,1.0260,976.000071E-3,
,,,1.0280,992.000043E-3,
,,,1.0300,1.0080,
,,,1.0320,1.000,
,,,1.0340,952.000022E-3,
,,,1.0360,896.000028E-3,
,,,1.0380,840.000033E-3,
,,,1.0400,784.000039E-3,
,,,1.0420,696.000040E-3,
,,,1.0440,592.000008E-3,
,,,1.0460,504.000008E-3,
,,,1.0480,432.000011E-3,
,,,1.0500,384.00000E-3,
,,,1.0520,328.00001E-3,
,,,1.0540,272.00001E-3,
,,,1.0560,232.00001E-3,
,,,1.0580,200.00000E-3,
,,,1.0600,192.00000E-3,
,,,1.0620,184.00002E-3,
,,,1.0640,184.00002E-3,
,,,1.0660,184.00002E-3,
,,,1.0680,208.00000E-3,
,,,1.0700,248.00001E-3,
,,,1.0720,288.00002E-3,
,,,1.0740,336.00003E-3,
,,,1.0760,384.00000E-3,
,,,1.0780,448.000014E-3,
,,,1.0800,536.000013E-3,
,,,1.0820,616.000056E-3,
,,,1.0840,712.000012E-3,
,,,1.0860,784.000039E-3,
,,,1.0880,864.000022E-3,
,,,1.0900,912.000060E-3,
,,,1.0920,960.000038E-3,
,,,1.0940,984.000027E-3,
,,,1.0960,992.000043E-3,
,,,1.0980,992.000043E-3,
,,,1.1000,976.000071E-3,
,,,1.1020,952.000022E-3,
,,,1.1040,896.000028E-3,
,,,1.1060,840.000033E-3,
,,,1.1080,768.000007E-3,
,,,1.1100,680.000007E-3,
,,,1.1120,584.000051E-3,
,,,1.1140,504.000008E-3,
,,,1.1160,432.000011E-3,
,,,1.1180,376.00002E-3,
,,,1.1200,320.00002E-3,
,,,1.1220,272.00001E-3,
,,,1.1240,232.00001E-3,
,,,1.1260,208.00000E-3,
,,,1.1280,192.00000E-3,
,,,1.1300,192.00000E-3,
,,,1.1320,192.00000E-3,
,,,1.1340,192.00000E-3,
,,,1.1360,216.00001E-3,
,,,1.1380,256.00001E-3,
,,,1.1400,296.00000E-3,
,,,1.1420,336.00003E-3,
,,,1.1440,384.00000E-3,
,,,1.1460,464.000016E-3,
,,,1.1480,544.000030E-3,
,,,1.1500,632.000029E-3,
,,,1.1520,704.000056E-3,
,,,1.1540,776.000023E-3,
,,,1.1560,856.000066E-3,
,,,1.1580,920.000017E-3,
,,,1.1600,968.000054E-3,
,,,1.1620,976.000071E-3,
,,,1.1640,976.000071E-3,
,,,1.1660,984.000027E-3,
,,,1.1680,976.000071E-3,
,,,1.1700,952.000022E-3,
,,,1.1720,888.000071E-3,
,,,1.1740,816.000044E-3,
,,,1.1760,744.000018E-3,
,,,1.1780,672.000051E-3,
,,,1.1800,600.000024E-3,
,,,1.1820,504.000008E-3,
,,,1.1840,424.000025E-3,
,,,1.1860,360.00001E-3,
,,,1.1880,320.00002E-3,
,,,1.1900,288.00002E-3,
,,,1.1920,240.00001E-3,
,,,1.1940,200.00000E-3,
,,,1.1960,192.00000E-3,
,,,1.1980,192.00000E-3,
,,,1.2000,192.00000E-3,
,,,1.2020,208.00000E-3,
,,,1.2040,216.00001E-3,
,,,1.2060,248.00001E-3,
,,,1.2080,296.00000E-3,
,,,1.2100,352.00003E-3,
,,,1.2120,408.000022E-3,
,,,1.2140,464.000016E-3,
,,,1.2160,536.000013E-3,
,,,1.2180,624.000013E-3,
,,,1.2200,720.000029E-3,
,,,1.2220,800.000012E-3,
,,,1.2240,856.000066E-3,
,,,1.2260,904.000044E-3,
,,,1.2280,952.000022E-3,
,,,1.2300,976.000071E-3,
,,,1.2320,992.000043E-3,
,,,1.2340,976.000071E-3,
,,,1.2360,960.000038E-3,
,,,1.2380,936.000049E-3,
,,,1.2400,888.000071E-3,
,,,1.2420,824.000061E-3,
,,,1.2440,744.000018E-3,
,,,1.2460,656.000018E-3,
,,,1.2480,576.000035E-3,
,,,1.2500,504.000008E-3,
,,,1.2520,432.000011E-3,
,,,1.2540,360.00001E-3,
,,,1.2560,320.00002E-3,
,,,1.2580,272.00001E-3,
,,,1.2600,240.00001E-3,
,,,1.2620,208.00000E-3,
,,,1.2640,192.00000E-3,
,,,1.2660,192.00000E-3,
,,,1.2680,192.00000E-3,
,,,1.2700,208.00000E-3,
,,,1.2720,232.00001E-3,
,,,1.2740,264.00000E-3,
,,,1.2760,312.00001E-3,
,,,1.2780,352.00003E-3,
,,,1.2800,408.000022E-3,
,,,1.2820,472.000033E-3,
,,,1.2840,552.000046E-3,
,,,1.2860,640.000045E-3,
,,,1.2880,720.000029E-3,
,,,1.2900,800.000012E-3,
,,,1.2920,856.000066E-3,
,,,1.2940,912.000060E-3,
,,,1.2960,952.000022E-3,
,,,1.2980,976.000071E-3,
,,,1.3000,976.000071E-3,
,,,1.3020,968.000054E-3,
,,,1.3040,952.000022E-3,
,,,1.3060,928.000033E-3,
,,,1.3080,888.000071E-3,
,,,1.3100,816.000044E-3,
,,,1.3120,720.000029E-3,
,,,1.3140,648.000002E-3,
,,,1.3160,568.000019E-3,
,,,1.3180,504.000008E-3,
,,,1.3200,432.000011E-3,
,,,1.3220,360.00001E-3,
,,,1.3240,312.00001E-3,
,,,1.3260,272.00001E-3,
,,,1.3280,256.00001E-3,
,,,1.3300,216.00001E-3,
,,,1.3320,200.00000E-3,
,,,1.3340,192.00000E-3,
,,,1.3360,200.00000E-3,
,,,1.3380,216.00001E-3,
,,,1.3400,248.00001E-3,
,,,1.3420,264.00000E-3,
,,,1.3440,304.00002E-3,
,,,1.3460,360.00001E-3,
,,,1.3480,424.000025E-3,
,,,1.3500,488.000035E-3,
,,,1.3520,544.000030E-3,
,,,1.3540,624.000013E-3,
,,,1.3560,720.000029E-3,
,,,1.3580,808.000028E-3,
,,,1.3600,872.000039E-3,
,,,1.3620,904.000044E-3,
,,,1.3640,936.000049E-3,
,,,1.3660,968.000054E-3,
,,,1.3680,976.000071E-3,
,,,1.3700,968.000054E-3,
,,,1.3720,944.000065E-3,
,,,1.3740,904.000044E-3,
,,,1.3760,864.000022E-3,
,,,1.3780,808.000028E-3,
,,,1.3800,728.000045E-3,
,,,1.3820,632.000029E-3,
,,,1.3840,552.000046E-3,
,,,1.3860,488.000035E-3,
,,,1.3880,424.000025E-3,
,,,1.3900,368.00003E-3,
,,,1.3920,312.00001E-3,
,,,1.3940,272.00001E-3,
,,,1.3960,248.00001E-3,
,,,1.3980,216.00001E-3,
,,,1.4000,208.00000E-3,
,,,1.4020,192.00000E-3,
,,,1.4040,200.00000E-3,
,,,1.4060,216.00001E-3,
,,,1.4080,240.00001E-3,
,,,1.4100,280.00000E-3,
,,,1.4120,320.00002E-3,
,,,1.4140,368.00003E-3,
,,,1.4160,424.000025E-3,
,,,1.4180,496.000022E-3,
,,,1.4200,560.000002E-3,
,,,1.4220,640.000045E-3,
,,,1.4240,728.000045E-3,
,,,1.4260,800.000012E-3,
,,,1.4280,864.000022E-3,
,,,1.4300,904.000044E-3,
,,,1.4320,944.000065E-3,
,,,1.4340,960.000038E-3,
,,,1.4360,976.000071E-3,
,,,1.4380,960.000038E-3,
,,,1.4400,936.000049E-3,
,,,1.4420,896.000028E-3,
,,,1.4440,856.000066E-3,
,,,1.4460,792.000055E-3,
,,,1.4480,720.000029E-3,
,,,1.4500,624.000013E-3,
,,,1.4520,552.000046E-3,
,,,1.4540,488.000035E-3,
,,,1.4560,424.000025E-3,
,,,1.4580,360.00001E-3,
,,,1.4600,312.00001E-3,
,,,1.4620,272.00001E-3,
,,,1.4640,248.00001E-3,
,,,1.4660,224.00001E-3,
,,,1.4680,208.00000E-3,
,,,1.4700,200.00000E-3,
,,,1.4720,200.00000E-3,
,,,1.4740,224.00001E-3,
,,,1.4760,256.00001E-3,
,,,1.4780,288.00002E-3,
,,,1.4800,320.00002E-3,
,,,1.4820,368.00003E-3,
,,,1.4840,424.000025E-3,
,,,1.4860,512.000024E-3,
,,,1.4880,576.000035E-3,
,,,1.4900,640.000045E-3,
,,,1.4920,720.000029E-3,
,,,1.4940,800.000012E-3,
,,,1.4960,872.000039E-3,
,,,1.4980,912.000060E-3,
,,,1.5000,936.000049E-3,
,,,1.5020,952.000022E-3,
,,,1.5040,960.000038E-3,
,,,1.5060,960.000038E-3,
,,,1.5080,936.000049E-3,
,,,1.5100,888.000071E-3,
,,,1.5120,832.000017E-3,
,,,1.5140,776.000023E-3,
,,,1.5160,712.000012E-3,
,,,1.5180,632.000029E-3,
,,,1.5200,552.000046E-3,
,,,1.5220,472.000033E-3,
,,,1.5240,408.000022E-3,
,,,1.5260,368.00003E-3,
,,,1.5280,320.00002E-3,
,,,1.5300,272.00001E-3,
,,,1.5320,240.00001E-3,
,,,1.5340,224.00001E-3,
,,,1.5360,216.00001E-3,
,,,1.5380,208.00000E-3,
,,,1.5400,208.00000E-3,
,,,1.5420,224.00001E-3,
,,,1.5440,256.00001E-3,
,,,1.5460,296.00000E-3,
,,,1.5480,336.00003E-3,
,,,1.5500,376.00002E-3,
,,,1.5520,432.000011E-3,
,,,1.5540,504.000008E-3,
,,,1.5560,576.000035E-3,
,,,1.5580,656.000018E-3,
,,,1.5600,728.000045E-3,
,,,1.5620,800.000012E-3,
,,,1.5640,864.000022E-3,
,,,1.5660,904.000044E-3,
,,,1.5680,936.000049E-3,
,,,1.5700,952.000022E-3,
,,,1.5720,952.000022E-3,
,,,1.5740,952.000022E-3,
,,,1.5760,928.000033E-3,
,,,1.5780,888.000071E-3,
,,,1.5800,824.000061E-3,
,,,1.5820,768.000007E-3,
,,,1.5840,696.000040E-3,
,,,1.5860,616.000056E-3,
,,,1.5880,544.000030E-3,
,,,1.5900,472.000033E-3,
,,,1.5920,408.000022E-3,
,,,1.5940,360.00001E-3,
,,,1.5960,320.00002E-3,
,,,1.5980,272.00001E-3,
,,,1.6000,240.00001E-3,
,,,1.6020,224.00001E-3,
,,,1.6040,216.00001E-3,
,,,1.6060,216.00001E-3,
,,,1.6080,216.00001E-3,
,,,1.6100,232.00001E-3,
,,,1.6120,264.00000E-3,
,,,1.6140,296.00000E-3,
,,,1.6160,336.00003E-3,
,,,1.6180,384.00000E-3,
,,,1.6200,440.000027E-3,
,,,1.6220,512.000024E-3,
,,,1.6240,584.000051E-3,
,,,1.6260,672.000051E-3,
,,,1.6280,728.000045E-3,
,,,1.6300,792.000055E-3,
,,,1.6320,856.000066E-3,
,,,1.6340,912.000060E-3,
,,,1.6360,944.000065E-3,
,,,1.6380,944.000065E-3,
,,,1.6400,944.000065E-3,
,,,1.6420,944.000065E-3,
,,,1.6440,928.000033E-3,
,,,1.6460,888.000071E-3,
,,,1.6480,816.000044E-3,
,,,1.6500,752.000034E-3,
,,,1.6520,680.000007E-3,
,,,1.6540,616.000056E-3,
,,,1.6560,544.000030E-3,
,,,1.6580,464.000016E-3,
,,,1.6600,400.00001E-3,
,,,1.6620,360.00001E-3,
,,,1.6640,320.00002E-3,
,,,1.6660,280.00000E-3,
,,,1.6680,256.00001E-3,
,,,1.6700,224.00001E-3,
,,,1.6720,216.00001E-3,
,,,1.6740,216.00001E-3,
,,,1.6760,232.00001E-3,
,,,1.6780,240.00001E-3,
,,,1.6800,264.00000E-3,
,,,1.6820,296.00000E-3,
,,,1.6840,344.00001E-3,
,,,1.6860,392.00002E-3,
,,,1.6880,448.000014E-3,
,,,1.6900,504.000008E-3,
,,,1.6920,576.000035E-3,
,,,1.6940,664.000034E-3,
,,,1.6960,744.000018E-3,
,,,1.6980,808.000028E-3,
,,,1.7000,856.000066E-3,
,,,1.7020,896.000028E-3,
,,,1.7040,936.000049E-3,
,,,1.7060,952.000022E-3,
,,,1.7080,944.000065E-3,
,,,1.7100,928.000033E-3,
,,,1.7120,912.000060E-3,
,,,1.7140,872.000039E-3,
,,,1.7160,816.000044E-3,
,,,1.7180,752.000034E-3,
,,,1.7200,680.000007E-3,
,,,1.7220,600.000024E-3,
,,,1.7240,536.000013E-3,
,,,1.7260,472.000033E-3,
,,,1.7280,400.00001E-3,
,,,1.7300,352.00003E-3,
,,,1.7320,312.00001E-3,
,,,1.7340,280.00000E-3,
,,,1.7360,248.00001E-3,
,,,1.7380,224.00001E-3,
,,,1.7400,216.00001E-3,
,,,1.7420,224.00001E-3,
,,,1.7440,232.00001E-3,
,,,1.7460,248.00001E-3,
,,,1.7480,272.00001E-3,
,,,1.7500,304.00002E-3,
,,,1.7520,344.00001E-3,
,,,1.7540,400.00001E-3,
,,,1.7560,456.000030E-3,
,,,1.7580,512.000024E-3,
,,,1.7600,592.000008E-3,
,,,1.7620,672.000051E-3,
,,,1.7640,744.000018E-3,
,,,1.7660,808.000028E-3,
,,,1.7680,848.000050E-3,
,,,1.7700,896.000028E-3,
,,,1.7720,928.000033E-3,
,,,1.7740,944.000065E-3,
,,,1.7760,936.000049E-3,
,,,1.7780,920.000017E-3,
,,,1.7800,896.000028E-3,
,,,1.7820,864.000022E-3,
,,,1.7840,816.000044E-3,
,,,1.7860,744.000018E-3,
,,,1.7880,664.000034E-3,
,,,1.7900,592.000008E-3,
,,,1.7920,527.999997E-3,
,,,1.7940,464.000016E-3,
,,,1.7960,400.00001E-3,
,,,1.7980,344.00001E-3,
,,,1.8000,312.00001E-3,
,,,1.8020,280.00000E-3,
,,,1.8040,256.00001E-3,
,,,1.8060,232.00001E-3,
,,,1.8080,216.00001E-3,
,,,1.8100,216.00001E-3,
,,,1.8120,232.00001E-3,
,,,1.8140,256.00001E-3,
,,,1.8160,272.00001E-3,
,,,1.8180,312.00001E-3,
,,,1.8200,344.00001E-3,
,,,1.8220,400.00001E-3,
,,,1.8240,464.000016E-3,
,,,1.8260,527.999997E-3,
,,,1.8280,592.000008E-3,
,,,1.8300,656.000018E-3,
,,,1.8320,744.000018E-3,
,,,1.8340,808.000028E-3,
,,,1.8360,856.000066E-3,
,,,1.8380,888.000071E-3,
,,,1.8400,920.000017E-3,
,,,1.8420,944.000065E-3,
,,,1.8440,936.000049E-3,
,,,1.8460,920.000017E-3,
,,,1.8480,888.000071E-3,
,,,1.8500,848.000050E-3,
,,,1.8520,800.000012E-3,
,,,1.8540,736.000061E-3,
,,,1.8560,664.000034E-3,
,,,1.8580,584.000051E-3,
,,,1.8600,520.000041E-3,
,,,1.8620,456.000030E-3,
,,,1.8640,400.00001E-3,
,,,1.8660,352.00003E-3,
,,,1.8680,312.00001E-3,
,,,1.8700,272.00001E-3,
,,,1.8720,256.00001E-3,
,,,1.8740,240.00001E-3,
,,,1.8760,224.00001E-3,
,,,1.8780,224.00001E-3,
,,,1.8800,240.00001E-3,
,,,1.8820,256.00001E-3,
,,,1.8840,288.00002E-3,
,,,1.8860,320.00002E-3,
,,,1.8880,360.00001E-3,
,,,1.8900,408.000022E-3,
,,,1.8920,472.000033E-3,
,,,1.8940,536.000013E-3,
,,,1.8960,592.000008E-3,
,,,1.8980,672.000051E-3,
,,,1.9000,744.000018E-3,
,,,1.9020,808.000028E-3,
,,,1.9040,856.000066E-3,
,,,1.9060,888.000071E-3,
,,,1.9080,912.000060E-3,
,,,1.9100,928.000033E-3,
,,,1.9120,928.000033E-3,
,,,1.9140,912.000060E-3,
,,,1.9160,880.000055E-3,
,,,1.9180,832.000017E-3,
,,,1.9200,792.000055E-3,
,,,1.9220,728.000045E-3,
,,,1.9240,656.000018E-3,
,,,1.9260,576.000035E-3,
,,,1.9280,512.000024E-3,
,,,1.9300,448.000014E-3,
,,,1.9320,400.00001E-3,
,,,1.9340,352.00003E-3,
,,,1.9360,312.00001E-3,
,,,1.9380,280.00000E-3,
,,,1.9400,256.00001E-3,
,,,1.9420,248.00001E-3,
,,,1.9440,224.00001E-3,
,,,1.9460,232.00001E-3,
,,,1.9480,240.00001E-3,
,,,1.9500,264.00000E-3,
,,,1.9520,288.00002E-3,
,,,1.9540,328.00001E-3,
,,,1.9560,360.00001E-3,
,,,1.9580,408.000022E-3,
,,,1.9600,472.000033E-3,
,,,1.9620,544.000030E-3,
,,,1.9640,600.000024E-3,
,,,1.9660,672.000051E-3,
,,,1.9680,736.000061E-3,
,,,1.9700,808.000028E-3,
,,,1.9720,856.000066E-3,
,,,1.9740,888.000071E-3,
,,,1.9760,912.000060E-3,
,,,1.9780,920.000017E-3,
,,,1.9800,920.000017E-3,
,,,1.9820,912.000060E-3,
,,,1.9840,880.000055E-3,
,,,1.9860,832.000017E-3,
,,,1.9880,776.000023E-3,
,,,1.9900,720.000029E-3,
,,,1.9920,648.000002E-3,
,,,1.9940,576.000035E-3,
,,,1.9960,504.000008E-3,
,,,1.9980,440.000027E-3,
,,,2.0000,392.00002E-3,
,,,2.0020,352.00003E-3,
,,,2.0040,312.00001E-3,
,,,2.0060,272.00001E-3,
,,,2.0080,256.00001E-3,
,,,2.0100,240.00001E-3,
,,,2.0120,232.00001E-3,
,,,2.0140,240.00001E-3,
,,,2.0160,248.00001E-3,
,,,2.0180,264.00000E-3,
,,,2.0200,296.00000E-3,
,,,2.0220,336.00003E-3,
,,,2.0240,368.00003E-3,
,,,2.0260,416.000009E-3,
,,,2.0280,472.000033E-3,
,,,2.0300,544.000030E-3,
,,,2.0320,608.000040E-3,
,,,2.0340,680.000007E-3,
,,,2.0360,744.000018E-3,
,,,2.0380,800.000012E-3,
,,,2.0400,856.000066E-3,
,,,2.0420,888.000071E-3,
,,,2.0440,912.000060E-3,
,,,2.0460,912.000060E-3,
,,,2.0480,912.000060E-3,
,,,2.0500,896.000028E-3,
,,,2.0520,872.000039E-3,
,,,2.0540,824.000061E-3,
,,,2.0560,760.000050E-3,
,,,2.0580,704.000056E-3,
,,,2.0600,640.000045E-3,
,,,2.0620,568.000019E-3,
,,,2.0640,504.000008E-3,
,,,2.0660,440.000027E-3,
,,,2.0680,392.00002E-3,
,,,2.0700,352.00003E-3,
,,,2.0720,312.00001E-3,
,,,2.0740,272.00001E-3,
,,,2.0760,256.00001E-3,
,,,2.0780,240.00001E-3,
,,,2.0800,240.00001E-3,
,,,2.0820,240.00001E-3,
,,,2.0840,256.00001E-3,
,,,2.0860,264.00000E-3,
,,,2.0880,296.00000E-3,
,,,2.0900,336.00003E-3,
,,,2.0920,376.00002E-3,
,,,2.0940,424.000025E-3,
,,,2.0960,480.000019E-3,
,,,2.0980,544.000030E-3,
,,,2.1000,616.000056E-3,
,,,2.1020,688.000023E-3,
,,,2.1040,744.000018E-3,
,,,2.1060,800.000012E-3,
,,,2.1080,848.000050E-3,
,,,2.1100,888.000071E-3,
,,,2.1120,904.000044E-3,
,,,2.1140,912.000060E-3,
,,,2.1160,904.000044E-3,
,,,2.1180,888.000071E-3,
,,,2.1200,872.000039E-3,
,,,2.1220,816.000044E-3,
,,,2.1240,760.000050E-3,
,,,2.1260,688.000023E-3,
,,,2.1280,624.000013E-3,
,,,2.1300,568.000019E-3,
,,,2.1320,504.000008E-3,
,,,2.1340,440.000027E-3,
,,,2.1360,384.00000E-3,
,,,2.1380,352.00003E-3,
,,,2.1400,320.00002E-3,
,,,2.1420,280.00000E-3,
,,,2.1440,256.00001E-3,
,,,2.1460,240.00001E-3,
,,,2.1480,240.00001E-3,
,,,2.1500,248.00001E-3,
,,,2.1520,256.00001E-3,
,,,2.1540,272.00001E-3,
,,,2.1560,304.00002E-3,
,,,2.1580,336.00003E-3,
,,,2.1600,384.00000E-3,
,,,2.1620,432.000011E-3,
,,,2.1640,488.000035E-3,
,,,2.1660,544.000030E-3,
,,,2.1680,616.000056E-3,
,,,2.1700,688.000023E-3,
,,,2.1720,744.000018E-3,
,,,2.1740,800.000012E-3,
,,,2.1760,848.000050E-3,
,,,2.1780,888.000071E-3,
,,,2.1800,904.000044E-3,
,,,2.1820,912.000060E-3,
,,,2.1840,896.000028E-3,
,,,2.1860,880.000055E-3,
,,,2.1880,856.000066E-3,
,,,2.1900,816.000044E-3,
,,,2.1920,752.000034E-3,
,,,2.1940,688.000023E-3,
,,,2.1960,616.000056E-3,
,,,2.1980,552.000046E-3,
,,,2.2000,496.000022E-3,
,,,2.2020,440.000027E-3,
,,,2.2040,384.00000E-3,
,,,2.2060,344.00001E-3,
,,,2.2080,312.00001E-3,
,,,2.2100,288.00002E-3,
,,,2.2120,264.00000E-3,
,,,2.2140,248.00001E-3,
,,,2.2160,248.00001E-3,
,,,2.2180,256.00001E-3,
,,,2.2200,264.00000E-3,
,,,2.2220,280.00000E-3,
,,,2.2240,312.00001E-3,
,,,2.2260,336.00003E-3,
,,,2.2280,384.00000E-3,
,,,2.2300,440.000027E-3,
,,,2.2320,496.000022E-3,
,,,2.2340,552.000046E-3,
,,,2.2360,616.000056E-3,
,,,2.2380,688.000023E-3,
,,,2.2400,752.000034E-3,
,,,2.2420,808.000028E-3,
,,,2.2440,848.000050E-3,
,,,2.2460,880.000055E-3,
,,,2.2480,904.000044E-3,
,,,2.2500,912.000060E-3,
,,,2.2520,888.000071E-3,
,,,2.2540,872.000039E-3,
,,,2.2560,848.000050E-3,
,,,2.2580,808.000028E-3,
,,,2.2600,752.000034E-3,
,,,2.2620,680.000007E-3,
,,,2.2640,608.000040E-3,
,,,2.2660,544.000030E-3,
,,,2.2680,496.000022E-3,
,,,2.2700,432.000011E-3,
,,,2.2720,384.00000E-3,
,,,2.2740,336.00003E-3,
,,,2.2760,312.00001E-3,
,,,2.2780,288.00002E-3,
,,,2.2800,264.00000E-3,
,,,2.2820,248.00001E-3,
,,,2.2840,240.00001E-3,
,,,2.2860,256.00001E-3,
,,,2.2880,272.00001E-3,
,,,2.2900,288.00002E-3,
,,,2.2920,312.00001E-3,
,,,2.2940,344.00001E-3,
,,,2.2960,392.00002E-3,
,,,2.2980,448.000014E-3,
,,,2.3000,504.000008E-3,
,,,2.3020,560.000002E-3,
,,,2.3040,616.000056E-3,
,,,2.3060,688.000023E-3,
,,,2.3080,752.000034E-3,
,,,2.3100,808.000028E-3,
,,,2.3120,848.000050E-3,
,,,2.3140,872.000039E-3,
,,,2.3160,888.000071E-3,
,,,2.3180,896.000028E-3,
,,,2.3200,896.000028E-3,
,,,2.3220,872.000039E-3,
,,,2.3240,832.000017E-3,
,,,2.3260,784.000039E-3,
,,,2.3280,744.000018E-3,
,,,2.3300,680.000007E-3,
,,,2.3320,608.000040E-3,
,,,2.3340,544.000030E-3,
,,,2.3360,488.000035E-3,
,,,2.3380,432.000011E-3,
,,,2.3400,392.00002E-3,
,,,2.3420,344.00001E-3,
,,,2.3440,312.00001E-3,
,,,2.3460,288.00002E-3,
,,,2.3480,272.00001E-3,
,,,2.3500,256.00001E-3,
,,,2.3520,248.00001E-3,
,,,2.3540,256.00001E-3,
,,,2.3560,272.00001E-3,
,,,2.3580,296.00000E-3,
,,,2.3600,320.00002E-3,
,,,2.3620,352.00003E-3,
,,,2.3640,392.00002E-3,
,,,2.3660,448.000014E-3,
,,,2.3680,504.000008E-3,
,,,2.3700,560.000002E-3,
,,,2.3720,624.000013E-3,
,,,2.3740,688.000023E-3,
,,,2.3760,752.000034E-3,
,,,2.3780,808.000028E-3,
,,,2.3800,848.000050E-3,
,,,2.3820,872.000039E-3,
,,,2.3840,888.000071E-3,
,,,2.3860,896.000028E-3,
,,,2.3880,888.000071E-3,
,,,2.3900,864.000022E-3,
,,,2.3920,824.000061E-3,
,,,2.3940,784.000039E-3,
,,,2.3960,736.000061E-3,
,,,2.3980,672.000051E-3,
,,,2.4000,600.000024E-3,
,,,2.4020,536.000013E-3,
,,,2.4040,480.000019E-3,
,,,2.4060,432.000011E-3,
,,,2.4080,384.00000E-3,
,,,2.4100,344.00001E-3,
,,,2.4120,312.00001E-3,
,,,2.4140,280.00000E-3,
,,,2.4160,264.00000E-3,
,,,2.4180,264.00000E-3,
,,,2.4200,256.00001E-3,
,,,2.4220,256.00001E-3,
,,,2.4240,272.00001E-3,
,,,2.4260,296.00000E-3,
,,,2.4280,328.00001E-3,
,,,2.4300,360.00001E-3,
,,,2.4320,400.00001E-3,
,,,2.4340,448.000014E-3,
,,,2.4360,512.000024E-3,
,,,2.4380,568.000019E-3,
,,,2.4400,632.000029E-3,
,,,2.4420,688.000023E-3,
,,,2.4440,744.000018E-3,
,,,2.4460,808.000028E-3,
,,,2.4480,848.000050E-3,
,,,2.4500,872.000039E-3,
,,,2.4520,880.000055E-3,
,,,2.4540,880.000055E-3,
,,,2.4560,880.000055E-3,
,,,2.4580,864.000022E-3,
,,,2.4600,824.000061E-3,
,,,2.4620,768.000007E-3,
,,,2.4640,720.000029E-3,
,,,2.4660,664.000034E-3,
,,,2.4680,600.000024E-3,
,,,2.4700,536.000013E-3,
,,,2.4720,472.000033E-3,
,,,2.4740,424.000025E-3,
,,,2.4760,384.00000E-3,
,,,2.4780,344.00001E-3,
,,,2.4800,312.00001E-3,
,,,2.4820,288.00002E-3,
,,,2.4840,264.00000E-3,
,,,2.4860,264.00000E-3,
,,,2.4880,264.00000E-3,
,,,2.4900,264.00000E-3,
,,,2.4920,280.00000E-3,
,,,2.4940,296.00000E-3,
,,,2.4960,336.00003E-3,
,,,2.4980,360.00001E-3,
,,,2.5000,408.000022E-3,
,,,2.5020,464.000016E-3,
,,,2.5040,512.000024E-3,
,,,2.5060,576.000035E-3,
,,,2.5080,632.000029E-3,
,,,2.5100,696.000040E-3,
,,,2.5120,752.000034E-3,
,,,2.5140,808.000028E-3,
,,,2.5160,840.000033E-3,
,,,2.5180,872.000039E-3,
,,,2.5200,880.000055E-3,
,,,2.5220,880.000055E-3,
,,,2.5240,872.000039E-3,
,,,2.5260,848.000050E-3,
,,,2.5280,816.000044E-3,
,,,2.5300,768.000007E-3,
,,,2.5320,712.000012E-3,
,,,2.5340,656.000018E-3,
,,,2.5360,592.000008E-3,
,,,2.5380,527.999997E-3,
,,,2.5400,472.000033E-3,
,,,2.5420,424.000025E-3,
,,,2.5440,384.00000E-3,
,,,2.5460,344.00001E-3,
,,,2.5480,312.00001E-3,
,,,2.5500,280.00000E-3,
,,,2.5520,272.00001E-3,
,,,2.5540,264.00000E-3,
,,,2.5560,264.00000E-3,
,,,2.5580,272.00001E-3,
,,,2.5600,280.00000E-3,
,,,2.5620,304.00002E-3,
,,,2.5640,336.00003E-3,
,,,2.5660,376.00002E-3,
,,,2.5680,416.000009E-3,
,,,2.5700,464.000016E-3,
,,,2.5720,512.000024E-3,
,,,2.5740,576.000035E-3,
,,,2.5760,640.000045E-3,
,,,2.5780,696.000040E-3,
,,,2.5800,744.000018E-3,
,,,2.5820,800.000012E-3,
,,,2.5840,840.000033E-3,
,,,2.5860,872.000039E-3,
,,,2.5880,872.000039E-3,
,,,2.5900,872.000039E-3,
,,,2.5920,864.000022E-3,
,,,2.5940,840.000033E-3,
,,,2.5960,808.000028E-3,
,,,2.5980,760.000050E-3,
,,,2.6000,704.000056E-3,
,,,2.6020,640.000045E-3,
,,,2.6040,592.000008E-3,
,,,2.6060,527.999997E-3,
,,,2.6080,472.000033E-3,
,,,2.6100,416.000009E-3,
,,,2.6120,376.00002E-3,
,,,2.6140,336.00003E-3,
,,,2.6160,312.00001E-3,
,,,2.6180,288.00002E-3,
,,,2.6200,272.00001E-3,
,,,2.6220,264.00000E-3,
,,,2.6240,264.00000E-3,
,,,2.6260,272.00001E-3,
,,,2.6280,296.00000E-3,
,,,2.6300,312.00001E-3,
,,,2.6320,336.00003E-3,
,,,2.6340,376.00002E-3,
,,,2.6360,424.000025E-3,
,,,2.6380,472.000033E-3,
,,,2.6400,520.000041E-3,
,,,2.6420,576.000035E-3,
,,,2.6440,640.000045E-3,
,,,2.6460,704.000056E-3,
,,,2.6480,752.000034E-3,
,,,2.6500,792.000055E-3,
,,,2.6520,832.000017E-3,
,,,2.6540,856.000066E-3,
,,,2.6560,872.000039E-3,
,,,2.6580,872.000039E-3,
,,,2.6600,856.000066E-3,
,,,2.6620,832.000017E-3,
,,,2.6640,800.000012E-3,
,,,2.6660,760.000050E-3,
,,,2.6680,696.000040E-3,
,,,2.6700,632.000029E-3,
,,,2.6720,576.000035E-3,
,,,2.6740,527.999997E-3,
,,,2.6760,472.000033E-3,
,,,2.6780,416.000009E-3,
,,,2.6800,376.00002E-3,
,,,2.6820,336.00003E-3,
,,,2.6840,320.00002E-3,
,,,2.6860,296.00000E-3,
,,,2.6880,272.00001E-3,
,,,2.6900,272.00001E-3,
,,,2.6920,272.00001E-3,
,,,2.6940,272.00001E-3,
,,,2.6960,296.00000E-3,
,,,2.6980,320.00002E-3,
,,,2.7000,344.00001E-3,
,,,2.7020,384.00000E-3,
,,,2.7040,424.000025E-3,
,,,2.7060,472.000033E-3,
,,,2.7080,527.999997E-3,
,,,2.7100,584.000051E-3,
,,,2.7120,640.000045E-3,
,,,2.7140,704.000056E-3,
,,,2.7160,760.000050E-3,
,,,2.7180,792.000055E-3,
,,,2.72000,824.000061E-3,
,,,2.72200,856.000066E-3,
,,,2.72400,864.000022E-3,
,,,2.72600,864.000022E-3,
,,,2.72800,848.000050E-3,
,,,2.73000,824.000061E-3,
,,,2.73200,792.000055E-3,
,,,2.73400,752.000034E-3,
,,,2.73600,688.000023E-3,
,,,2.73800,632.000029E-3,
,,,2.74000,568.000019E-3,
,,,2.74200,520.000041E-3,
,,,2.74400,472.000033E-3,
,,,2.74600,416.000009E-3,
,,,2.74800,376.00002E-3,
,,,2.75000,336.00003E-3,
,,,2.75200,312.00001E-3,
,,,2.75400,296.00000E-3,
,,,2.75600,280.00000E-3,
,,,2.75800,272.00001E-3,
,,,2.76000,272.00001E-3,
,,,2.76200,280.00000E-3,
,,,2.76400,304.00002E-3,
,,,2.76600,320.00002E-3,
,,,2.76800,352.00003E-3,
,,,2.77000,384.00000E-3,
,,,2.77200,432.000011E-3,
,,,2.77400,480.000019E-3,
,,,2.77600,527.999997E-3,
,,,2.77800,584.000051E-3,
,,,2.78000,640.000045E-3,
,,,2.78200,704.000056E-3,
,,,2.78400,760.000050E-3,
,,,2.78600,800.000012E-3,
,,,2.78800,824.000061E-3,
,,,2.79000,848.000050E-3,
,,,2.79200,864.000022E-3,
,,,2.79400,864.000022E-3,
,,,2.79600,848.000050E-3,
,,,2.79800,816.000044E-3,
,,,2.80000,776.000023E-3,
,,,2.80200,744.000018E-3,
,,,2.80400,688.000023E-3,
,,,2.80600,624.000013E-3,
,,,2.80800,568.000019E-3,
,,,2.81000,512.000024E-3,
,,,2.81200,464.000016E-3,
,,,2.81400,416.000009E-3,
,,,2.81600,376.00002E-3,
,,,2.81800,336.00003E-3,
,,,2.82000,320.00002E-3,
,,,2.82200,296.00000E-3,
,,,2.82400,280.00000E-3,
,,,2.82600,272.00001E-3,
,,,2.82800,272.00001E-3,
,,,2.83000,288.00002E-3,
,,,2.83200,304.00002E-3,
,,,2.83400,336.00003E-3,
,,,2.83600,352.00003E-3,
,,,2.83800,384.00000E-3,
,,,2.84000,432.000011E-3,
,,,2.84200,488.000035E-3,
,,,2.84400,536.000013E-3,
,,,2.84600,592.000008E-3,
,,,2.84800,648.000002E-3,
,,,2.85000,704.000056E-3,
,,,2.85200,760.000050E-3,
,,,2.85400,800.000012E-3,
,,,2.85600,824.000061E-3,
,,,2.85800,848.000050E-3,
,,,2.86000,856.000066E-3,
,,,2.86200,856.000066E-3,
,,,2.86400,840.000033E-3,
,,,2.86600,808.000028E-3,
,,,2.86800,776.000023E-3,
,,,2.87000,728.000045E-3,
,,,2.87200,680.000007E-3,
,,,2.87400,616.000056E-3,
,,,2.87600,560.000002E-3,
,,,2.87800,504.000008E-3,
,,,2.88000,464.000016E-3,
,,,2.88200,416.000009E-3,
,,,2.88400,376.00002E-3,
,,,2.88600,336.00003E-3,
,,,2.88800,320.00002E-3,
,,,2.89000,296.00000E-3,
,,,2.89200,288.00002E-3,
,,,2.89400,280.00000E-3,
,,,2.89600,280.00000E-3,
,,,2.89800,288.00002E-3,
,,,2.90000,312.00001E-3,
,,,2.90200,336.00003E-3,
,,,2.90400,360.00001E-3,
,,,2.90600,400.00001E-3,
,,,2.90800,432.000011E-3,
,,,2.91000,488.000035E-3,
,,,2.91200,544.000030E-3,
,,,2.91400,600.000024E-3,
,,,2.91600,648.000002E-3,
,,,2.91800,704.000056E-3,
,,,2.92000,752.000034E-3,
,,,2.92200,800.000012E-3,
,,,2.92400,832.000017E-3,
,,,2.92600,848.000050E-3,
,,,2.92800,848.000050E-3,
,,,2.93000,848.000050E-3,
,,,2.93200,840.000033E-3,
,,,2.93400,808.000028E-3,
,,,2.93600,760.000050E-3,
,,,2.93800,720.000029E-3,
,,,2.94000,672.000051E-3,
,,,2.94200,616.000056E-3,
,,,2.94400,560.000002E-3,
,,,2.94600,504.000008E-3,
,,,2.94800,456.000030E-3,
,,,2.95000,416.000009E-3,
,,,2.95200,368.00003E-3,
,,,2.95400,344.00001E-3,
,,,2.95600,320.00002E-3,
,,,2.95800,296.00000E-3,
,,,2.96000,288.00002E-3,
,,,2.96200,288.00002E-3,
,,,2.96400,288.00002E-3,
,,,2.96600,296.00000E-3,
,,,2.96800,304.00002E-3,
,,,2.97000,336.00003E-3,
,,,2.97200,368.00003E-3,
,,,2.97400,400.00001E-3,
,,,2.97600,440.000027E-3,
,,,2.97800,496.000022E-3,
,,,2.98000,544.000030E-3,
,,,2.98200,600.000024E-3,
,,,2.98400,656.000018E-3,
,,,2.98600,704.000056E-3,
,,,2.98800,752.000034E-3,
,,,2.99000,792.000055E-3,
,,,2.99200,824.000061E-3,
,,,2.99400,840.000033E-3,
,,,2.99600,840.000033E-3,
,,,2.99800,840.000033E-3,
,,,3.00000,824.000061E-3,
,,,3.00200,808.000028E-3,
,,,3.00400,760.000050E-3,
,,,3.00600,712.000012E-3,
,,,3.00800,664.000034E-3,
,,,3.01000,608.000040E-3,
,,,3.01200,560.000002E-3,
,,,3.01400,504.000008E-3,
,,,3.01600,448.000014E-3,
,,,3.01800,408.000022E-3,
,,,3.02000,376.00002E-3,
,,,3.02200,344.00001E-3,
,,,3.02400,320.00002E-3,
,,,3.02600,296.00000E-3,
,,,3.02800,288.00002E-3,
,,,3.03000,288.00002E-3,
,,,3.03200,296.00000E-3,
,,,3.03400,296.00000E-3,
,,,3.03600,312.00001E-3,
,,,3.03800,336.00003E-3,
,,,3.04000,368.00003E-3,
,,,3.04200,408.000022E-3,
,,,3.04400,448.000014E-3,
,,,3.04600,496.000022E-3,
,,,3.04800,544.000030E-3,
,,,3.05000,600.000024E-3,
,,,3.05200,664.000034E-3,
,,,3.05400,712.000012E-3,
,,,3.05600,752.000034E-3,
,,,3.05800,792.000055E-3,
,,,3.06000,824.000061E-3,
,,,3.06200,848.000050E-3,
,,,3.06400,848.000050E-3,
,,,3.06600,832.000017E-3,
,,,3.06800,816.000044E-3,
,,,3.07000,792.000055E-3,
,,,3.07200,760.000050E-3,
,,,3.07400,704.000056E-3,
,,,3.07600,656.000018E-3,
,,,3.07800,600.000024E-3,
,,,3.08000,552.000046E-3,
,,,3.08200,504.000008E-3,
,,,3.08400,448.000014E-3,
,,,3.08600,400.00001E-3,
,,,3.08800,368.00003E-3,
,,,3.09000,336.00003E-3,
,,,3.09200,320.00002E-3,
,,,3.09400,304.00002E-3,
,,,3.09600,296.00000E-3,
,,,3.09800,288.00002E-3,
,,,3.10000,296.00000E-3,
,,,3.10200,304.00002E-3,
,,,3.10400,320.00002E-3,
,,,3.10600,344.00001E-3,
,,,3.10800,368.00003E-3,
,,,3.11000,416.000009E-3,
,,,3.11200,464.000016E-3,
,,,3.11400,504.000008E-3,
,,,3.11600,544.000030E-3,
,,,3.11800,608.000040E-3,
,,,3.12000,664.000034E-3,
,,,3.12200,712.000012E-3,
,,,3.12400,752.000034E-3,
,,,3.12600,784.000039E-3,
,,,3.12800,824.000061E-3,
,,,3.13000,832.000017E-3,
,,,3.13200,840.000033E-3,
,,,3.13400,824.000061E-3,
,,,3.13600,808.000028E-3,
,,,3.13800,784.000039E-3,
,,,3.14000,752.000034E-3,
,,,3.14200,704.000056E-3,
,,,3.14400,648.000002E-3,
,,,3.14600,592.000008E-3,
,,,3.14800,544.000030E-3,
,,,3.15000,496.000022E-3,
,,,3.15200,448.000014E-3,
,,,3.15400,400.00001E-3,
,,,3.15600,368.00003E-3,
,,,3.15800,336.00003E-3,
,,,3.16000,328.00001E-3,
,,,3.16200,304.00002E-3,
,,,3.16400,296.00000E-3,
,,,3.16600,296.00000E-3,
,,,3.16800,296.00000E-3,
,,,3.17000,312.00001E-3,
,,,3.17200,328.00001E-3,
,,,3.17400,344.00001E-3,
,,,3.17600,376.00002E-3,
,,,3.17800,416.000009E-3,
,,,3.18000,464.000016E-3,
,,,3.18200,504.000008E-3,
,,,3.18400,552.000046E-3,
,,,3.18600,600.000024E-3,
,,,3.18800,664.000034E-3,
,,,3.19000,720.000029E-3,
,,,3.19200,752.000034E-3,
,,,3.19400,784.000039E-3,
,,,3.19600,808.000028E-3,
,,,3.19800,824.000061E-3,
,,,3.20000,832.000017E-3,
,,,3.20200,824.000061E-3,
,,,3.20400,808.000028E-3,
,,,3.20600,776.000023E-3,
,,,3.20800,744.000018E-3,
,,,3.21000,696.000040E-3,
,,,3.21200,640.000045E-3,
,,,3.21400,584.000051E-3,
,,,3.21600,536.000013E-3,
,,,3.21800,496.000022E-3,
,,,3.22000,448.000014E-3,
,,,3.22200,400.00001E-3,
,,,3.22400,368.00003E-3,
,,,3.22600,336.00003E-3,
,,,3.22800,320.00002E-3,
,,,3.23000,312.00001E-3,
,,,3.23200,296.00000E-3,
,,,3.23400,296.00000E-3,
,,,3.23600,296.00000E-3,
,,,3.23800,312.00001E-3,
,,,3.24000,328.00001E-3,
,,,3.24200,352.00003E-3,
,,,3.24400,384.00000E-3,
,,,3.24600,416.000009E-3,
,,,3.24800,464.000016E-3,
,,,3.25000,512.000024E-3,
,,,3.25200,560.000002E-3,
,,,3.25400,608.000040E-3,
,,,3.25600,656.000018E-3,
,,,3.25800,712.000012E-3,
,,,3.26000,760.000050E-3,
,,,3.26200,784.000039E-3,
,,,3.26400,808.000028E-3,
,,,3.26600,824.000061E-3,
,,,3.26800,832.000017E-3,
,,,3.27000,824.000061E-3,
,,,3.27200,800.000012E-3,
,,,3.27400,768.000007E-3,
,,,3.27600,736.000061E-3,
,,,3.27800,696.000040E-3,
,,,3.28000,640.000045E-3,
,,,3.28200,584.000051E-3,
,,,3.28400,536.000013E-3,
,,,3.28600,488.000035E-3,
,,,3.28800,448.000014E-3,
,,,3.29000,400.00001E-3,
,,,3.29200,368.00003E-3,
,,,3.29400,336.00003E-3,
,,,3.29600,328.00001E-3,
,,,3.29800,312.00001E-3,
,,,3.30000,304.00002E-3,
,,,3.30200,296.00000E-3,
,,,3.30400,304.00002E-3,
,,,3.30600,320.00002E-3,
,,,3.30800,336.00003E-3,
,,,3.31000,360.00001E-3,
,,,3.31200,392.00002E-3,
,,,3.31400,424.000025E-3,
,,,3.31600,472.000033E-3,
,,,3.31800,512.000024E-3,
,,,3.32000,568.000019E-3,
,,,3.32200,608.000040E-3,
,,,3.32400,664.000034E-3,
,,,3.32600,712.000012E-3,
,,,3.32800,760.000050E-3,
,,,3.33000,784.000039E-3,
,,,3.33200,808.000028E-3,
,,,3.33400,816.000044E-3,
,,,3.33600,816.000044E-3,
,,,3.33800,808.000028E-3,
,,,3.34000,792.000055E-3,
,,,3.34200,760.000050E-3,
,,,3.34400,720.000029E-3,
,,,3.34600,680.000007E-3,
,,,3.34800,632.000029E-3,
,,,3.35000,584.000051E-3,
,,,3.35200,527.999997E-3,
,,,3.35400,480.000019E-3,
,,,3.35600,440.000027E-3,
,,,3.35800,400.00001E-3,
,,,3.36000,368.00003E-3,
,,,3.36200,344.00001E-3,
,,,3.36400,320.00002E-3,
,,,3.36600,312.00001E-3,
,,,3.36800,312.00001E-3,
,,,3.37000,304.00002E-3,
,,,3.37200,304.00002E-3,
,,,3.37400,320.00002E-3,
,,,3.37600,336.00003E-3,
,,,3.37800,368.00003E-3,
,,,3.38000,392.00002E-3,
,,,3.38200,424.000025E-3,
,,,3.38400,472.000033E-3,
,,,3.38600,520.000041E-3,
,,,3.38800,568.000019E-3,
,,,3.39000,616.000056E-3,
,,,3.39200,664.000034E-3,
,,,3.39400,704.000056E-3,
,,,3.39600,760.000050E-3,
,,,3.39800,784.000039E-3,
,,,3.40000,808.000028E-3,
,,,3.40200,816.000044E-3,
,,,3.40400,816.000044E-3,
,,,3.40600,808.000028E-3,
,,,3.40800,792.000055E-3,
,,,3.41000,752.000034E-3,
,,,3.41200,720.000029E-3,
,,,3.41400,672.000051E-3,
,,,3.41600,624.000013E-3,
,,,3.41800,576.000035E-3,
,,,3.42000,527.999997E-3,
,,,3.42200,480.000019E-3,
,,,3.42400,440.000027E-3,
,,,3.42600,400.00001E-3,
,,,3.42800,376.00002E-3,
,,,3.43000,344.00001E-3,
,,,3.43200,328.00001E-3,
,,,3.43400,320.00002E-3,
,,,3.43600,312.00001E-3,
,,,3.43800,312.00001E-3,
,,,3.44000,312.00001E-3,
,,,3.44200,328.00001E-3,
,,,3.44400,344.00001E-3,
,,,3.44600,368.00003E-3,
,,,3.44800,400.00001E-3,
,,,3.45000,432.000011E-3,
,,,3.45200,472.000033E-3,
,,,3.45400,520.000041E-3,
,,,3.45600,568.000019E-3,
,,,3.45800,616.000056E-3,
,,,3.46000,664.000034E-3,
,,,3.46200,712.000012E-3,
,,,3.46400,752.000034E-3,
,,,3.46600,784.000039E-3,
,,,3.46800,808.000028E-3,
,,,3.47000,816.000044E-3,
,,,3.47200,808.000028E-3,
,,,3.47400,800.000012E-3,
,,,3.47600,784.000039E-3,
,,,3.47800,752.000034E-3,
,,,3.48000,712.000012E-3,
,,,3.48200,664.000034E-3,
,,,3.48400,616.000056E-3,
,,,3.48600,568.000019E-3,
,,,3.48800,527.999997E-3,
,,,3.49000,480.000019E-3,
,,,3.49200,440.000027E-3,
,,,3.49400,400.00001E-3,
,,,3.49600,376.00002E-3,
,,,3.49800,336.00003E-3,
,,,3.50000,328.00001E-3,
,,,3.50200,320.00002E-3,
,,,3.50400,312.00001E-3,
,,,3.50600,312.00001E-3,
,,,3.50800,320.00002E-3,
,,,3.51000,328.00001E-3,
,,,3.51200,344.00001E-3,
,,,3.51400,376.00002E-3,
,,,3.51600,408.000022E-3,
,,,3.51800,440.000027E-3,
,,,3.52000,480.000019E-3,
,,,3.52200,527.999997E-3,
,,,3.52400,568.000019E-3,
,,,3.52600,624.000013E-3,
,,,3.52800,672.000051E-3,
,,,3.53000,704.000056E-3,
,,,3.53200,744.000018E-3,
,,,3.53400,776.000023E-3,
,,,3.53600,800.000012E-3,
,,,3.53800,808.000028E-3,
,,,3.54000,800.000012E-3,
,,,3.54200,792.000055E-3,
,,,3.54400,776.000023E-3,
,,,3.54600,752.000034E-3,
,,,3.54800,712.000012E-3,
,,,3.55000,656.000018E-3,
,,,3.55200,608.000040E-3,
,,,3.55400,568.000019E-3,
,,,3.55600,520.000041E-3,
,,,3.55800,480.000019E-3,
,,,3.56000,432.000011E-3,
,,,3.56200,400.00001E-3,
,,,3.56400,376.00002E-3,
,,,3.56600,344.00001E-3,
,,,3.56800,336.00003E-3,
,,,3.57000,312.00001E-3,
,,,3.57200,312.00001E-3,
,,,3.57400,312.00001E-3,
,,,3.57600,328.00001E-3,
,,,3.57800,336.00003E-3,
,,,3.58000,352.00003E-3,
,,,3.58200,376.00002E-3,
,,,3.58400,408.000022E-3,
,,,3.58600,448.000014E-3,
,,,3.58800,488.000035E-3,
,,,3.59000,527.999997E-3,
,,,3.59200,576.000035E-3,
,,,3.59400,624.000013E-3,
,,,3.59600,672.000051E-3,
,,,3.59800,720.000029E-3,
,,,3.60000,744.000018E-3,
,,,3.60200,768.000007E-3,
,,,3.60400,792.000055E-3,
,,,3.60600,808.000028E-3,
,,,3.60800,800.000012E-3,
,,,3.61000,784.000039E-3,
,,,3.61200,760.000050E-3,
,,,3.61400,744.000018E-3,
,,,3.61600,696.000040E-3,
,,,3.61800,656.000018E-3,
,,,3.62000,600.000024E-3,
,,,3.62200,560.000002E-3,
,,,3.62400,520.000041E-3,
,,,3.62600,480.000019E-3,
,,,3.62800,432.000011E-3,
,,,3.63000,400.00001E-3,
,,,3.63200,368.00003E-3,
,,,3.63400,344.00001E-3,
,,,3.63600,336.00003E-3,
,,,3.63800,320.00002E-3,
,,,3.64000,312.00001E-3,
,,,3.64200,312.00001E-3,
,,,3.64400,328.00001E-3,
,,,3.64600,344.00001E-3,
,,,3.64800,352.00003E-3,
,,,3.65000,376.00002E-3,
,,,3.65200,408.000022E-3,
,,,3.65400,448.000014E-3,
,,,3.65600,496.000022E-3,
,,,3.65800,536.000013E-3,
,,,3.66000,576.000035E-3,
,,,3.66200,624.000013E-3,
,,,3.66400,672.000051E-3,
,,,3.66600,720.000029E-3,
,,,3.66800,744.000018E-3,
,,,3.67000,768.000007E-3,
,,,3.67200,784.000039E-3,
,,,3.67400,800.000012E-3,
,,,3.67600,800.000012E-3,
,,,3.67800,784.000039E-3,
,,,3.68000,760.000050E-3,
,,,3.68200,736.000061E-3,
,,,3.68400,696.000040E-3,
,,,3.68600,656.000018E-3,
,,,3.68800,600.000024E-3,
,,,3.69000,552.000046E-3,
,,,3.69200,512.000024E-3,
,,,3.69400,472.000033E-3,
,,,3.69600,432.000011E-3,
,,,3.69800,400.00001E-3,
,,,3.70000,368.00003E-3,
,,,3.70200,344.00001E-3,
,,,3.70400,336.00003E-3,
,,,3.70600,328.00001E-3,
,,,3.70800,320.00002E-3,
,,,3.71000,320.00002E-3,
,,,3.71200,328.00001E-3,
,,,3.71400,344.00001E-3,
,,,3.71600,360.00001E-3,
,,,3.71800,384.00000E-3,
,,,3.72000,416.000009E-3,
,,,3.72200,456.000030E-3,
,,,3.72400,496.000022E-3,
,,,3.72600,536.000013E-3,
,,,3.72800,576.000035E-3,
,,,3.73000,624.000013E-3,
,,,3.73200,672.000051E-3,
,,,3.73400,712.000012E-3,
,,,3.73600,744.000018E-3,
,,,3.73800,768.000007E-3,
,,,3.74000,784.000039E-3,
,,,3.74200,792.000055E-3,
,,,3.74400,792.000055E-3,
,,,3.74600,776.000023E-3,
,,,3.74800,752.000034E-3,
,,,3.75000,720.000029E-3,
,,,3.75200,680.000007E-3,
,,,3.75400,648.000002E-3,
,,,3.75600,600.000024E-3,
,,,3.75800,552.000046E-3,
,,,3.76000,504.000008E-3,
,,,3.76200,472.000033E-3,
,,,3.76400,432.000011E-3,
,,,3.76600,400.00001E-3,
,,,3.76800,368.00003E-3,
,,,3.77000,344.00001E-3,
,,,3.77200,336.00003E-3,
,,,3.77400,328.00001E-3,
,,,3.77600,320.00002E-3,
,,,3.77800,320.00002E-3,
,,,3.78000,328.00001E-3,
,,,3.78200,344.00001E-3,
,,,3.78400,368.00003E-3,
,,,3.78600,392.00002E-3,
,,,3.78800,416.000009E-3,
,,,3.79000,456.000030E-3,
,,,3.79200,504.000008E-3,
,,,3.79400,536.000013E-3,
,,,3.79600,584.000051E-3,
,,,3.79800,632.000029E-3,
,,,3.80000,672.000051E-3,
,,,3.80200,720.000029E-3,
,,,3.80400,744.000018E-3,
,,,3.80600,768.000007E-3,
,,,3.80800,784.000039E-3,
,,,3.81000,784.000039E-3,
,,,3.81200,784.000039E-3,
,,,3.81400,776.000023E-3,
,,,3.81600,744.000018E-3,
,,,3.81800,712.000012E-3,
,,,3.82000,680.000007E-3,
,,,3.82200,640.000045E-3,
,,,3.82400,592.000008E-3,
,,,3.82600,552.000046E-3,
,,,3.82800,504.000008E-3,
,,,3.83000,464.000016E-3,
,,,3.83200,432.000011E-3,
,,,3.83400,400.00001E-3,
,,,3.83600,368.00003E-3,
,,,3.83800,344.00001E-3,
,,,3.84000,336.00003E-3,
,,,3.84200,328.00001E-3,
,,,3.84400,328.00001E-3,
,,,3.84600,328.00001E-3,
,,,3.84800,328.00001E-3,
,,,3.85000,344.00001E-3,
,,,3.85200,368.00003E-3,
,,,3.85400,392.00002E-3,
,,,3.85600,424.000025E-3,
,,,3.85800,464.000016E-3,
,,,3.86000,504.000008E-3,
,,,3.86200,552.000046E-3,
,,,3.86400,592.000008E-3,
,,,3.86600,632.000029E-3,
,,,3.86800,672.000051E-3,
,,,3.87000,712.000012E-3,
,,,3.87200,744.000018E-3,
,,,3.87400,768.000007E-3,
,,,3.87600,776.000023E-3,
,,,3.87800,784.000039E-3,
,,,3.88000,784.000039E-3,
,,,3.88200,768.000007E-3,
,,,3.88400,744.000018E-3,
,,,3.88600,712.000012E-3,
,,,3.88800,672.000051E-3,
,,,3.89000,632.000029E-3,
,,,3.89200,592.000008E-3,
,,,3.89400,544.000030E-3,
,,,3.89600,504.000008E-3,
,,,3.89800,464.000016E-3,
,,,3.90000,424.000025E-3,
,,,3.90200,400.00001E-3,
,,,3.90400,376.00002E-3,
,,,3.90600,344.00001E-3,
,,,3.90800,336.00003E-3,
,,,3.91000,328.00001E-3,
,,,3.91200,328.00001E-3,
,,,3.91400,328.00001E-3,
,,,3.91600,336.00003E-3,
,,,3.91800,352.00003E-3,
,,,3.92000,368.00003E-3,
,,,3.92200,400.00001E-3,
,,,3.92400,432.000011E-3,
,,,3.92600,464.000016E-3,
,,,3.92800,504.000008E-3,
,,,3.93000,544.000030E-3,
,,,3.93200,592.000008E-3,
,,,3.93400,632.000029E-3,
,,,3.93600,672.000051E-3,
,,,3.93800,712.000012E-3,
,,,3.94000,744.000018E-3,
,,,3.94200,768.000007E-3,
,,,3.94400,776.000023E-3,
,,,3.94600,784.000039E-3,
,,,3.94800,768.000007E-3,
,,,3.95000,760.000050E-3,
,,,3.95200,744.000018E-3,
,,,3.95400,704.000056E-3,
,,,3.95600,664.000034E-3,
,,,3.95800,624.000013E-3,
,,,3.96000,584.000051E-3,
,,,3.96200,544.000030E-3,
,,,3.96400,504.000008E-3,
,,,3.96600,464.000016E-3,
,,,3.96800,424.000025E-3,
,,,3.97000,400.00001E-3,
,,,3.97200,376.00002E-3,
,,,3.97400,352.00003E-3,
,,,3.97600,336.00003E-3,
,,,3.97800,328.00001E-3,
,,,3.98000,328.00001E-3,
,,,3.98200,336.00003E-3,
,,,3.98400,344.00001E-3,
,,,3.98600,352.00003E-3,
,,,3.98800,376.00002E-3,
,,,3.99000,400.00001E-3,
,,,3.99200,432.000011E-3,
,,,3.99400,472.000033E-3,
,,,3.99600,504.000008E-3,
,,,3.99800,552.000046E-3,
,,,4.00000,592.000008E-3,
,,,4.00200,632.000029E-3,
,,,4.00400,680.000007E-3,
,,,4.00600,712.000012E-3,
,,,4.00800,744.000018E-3,
,,,4.01000,760.000050E-3,
,,,4.01200,776.000023E-3,
,,,4.01400,776.000023E-3,
,,,4.01600,768.000007E-3,
,,,4.01800,752.000034E-3,
,,,4.02000,736.000061E-3,
,,,4.02200,704.000056E-3,
,,,4.02400,656.000018E-3,
,,,4.02600,616.000056E-3,
,,,4.02800,576.000035E-3,
,,,4.03000,536.000013E-3,
,,,4.03200,496.000022E-3,
,,,4.03400,464.000016E-3,
,,,4.03600,424.000025E-3,
,,,4.03800,392.00002E-3,
,,,4.04000,368.00003E-3,
,,,4.04200,352.00003E-3,
,,,4.04400,336.00003E-3,
,,,4.04600,336.00003E-3,
,,,4.04800,336.00003E-3,
,,,4.05000,336.00003E-3,
,,,4.05200,344.00001E-3,
,,,4.05400,360.00001E-3,
,,,4.05600,384.00000E-3,
,,,4.05800,400.00001E-3,
,,,4.06000,448.000014E-3,
,,,4.06200,480.000019E-3,
,,,4.06400,512.000024E-3,
,,,4.06600,552.000046E-3,
,,,4.06800,592.000008E-3,
,,,4.07000,640.000045E-3,
,,,4.07200,680.000007E-3,
,,,4.07400,712.000012E-3,
,,,4.07600,744.000018E-3,
,,,4.07800,760.000050E-3,
,,,4.08000,768.000007E-3,
,,,4.08200,776.000023E-3,
,,,4.08400,768.000007E-3,
,,,4.08600,744.000018E-3,
,,,4.08800,728.000045E-3,
,,,4.09000,696.000040E-3,
,,,4.09200,656.000018E-3,
,,,4.09400,608.000040E-3,
,,,4.09600,568.000019E-3,
,,,4.09800,527.999997E-3,
,,,4.10000,496.000022E-3,
,,,4.10200,464.000016E-3,
,,,4.10400,424.000025E-3,
,,,4.10600,392.00002E-3,
,,,4.10800,368.00003E-3,
,,,4.11000,352.00003E-3,
,,,4.11200,344.00001E-3,
,,,4.11400,328.00001E-3,
,,,4.11600,328.00001E-3,
,,,4.11800,336.00003E-3,
,,,4.12000,352.00003E-3,
,,,4.12200,360.00001E-3,
,,,4.12400,384.00000E-3,
,,,4.12600,408.000022E-3,
,,,4.12800,440.000027E-3,
,,,4.13000,488.000035E-3,
,,,4.13200,520.000041E-3,
,,,4.13400,560.000002E-3,
,,,4.13600,600.000024E-3,
,,,4.13800,640.000045E-3,
,,,4.14000,688.000023E-3,
,,,4.14200,712.000012E-3,
,,,4.14400,744.000018E-3,
,,,4.14600,760.000050E-3,
,,,4.14800,768.000007E-3,
,,,4.15000,776.000023E-3,
,,,4.15200,760.000050E-3,
,,,4.15400,744.000018E-3,
,,,4.15600,720.000029E-3,
,,,4.15800,696.000040E-3,
,,,4.16000,656.000018E-3,
,,,4.16200,608.000040E-3,
,,,4.16400,568.000019E-3,
,,,4.16600,527.999997E-3,
,,,4.16800,496.000022E-3,
,,,4.17000,456.000030E-3,
,,,4.17200,416.000009E-3,
,,,4.17400,392.00002E-3,
,,,4.17600,368.00003E-3,
,,,4.17800,352.00003E-3,
,,,4.18000,344.00001E-3,
,,,4.18200,336.00003E-3,
,,,4.18400,336.00003E-3,
,,,4.18600,344.00001E-3,
,,,4.18800,352.00003E-3,
,,,4.19000,368.00003E-3,
,,,4.19200,384.00000E-3,
,,,4.19400,408.000022E-3,
,,,4.19600,448.000014E-3,
,,,4.19800,488.000035E-3,
,,,4.20000,527.999997E-3,
,,,4.20200,560.000002E-3,
,,,4.20400,600.000024E-3,
,,,4.20600,640.000045E-3,
,,,4.20800,680.000007E-3,
,,,4.21000,720.000029E-3,
,,,4.21200,744.000018E-3,
,,,4.21400,752.000034E-3,
,,,4.21600,760.000050E-3,
,,,4.21800,768.000007E-3,
,,,4.22000,760.000050E-3,
,,,4.22200,744.000018E-3,
,,,4.22400,712.000012E-3,
,,,4.22600,680.000007E-3,
,,,4.22800,648.000002E-3,
,,,4.23000,608.000040E-3,
,,,4.23200,560.000002E-3,
,,,4.23400,520.000041E-3,
,,,4.23600,488.000035E-3,
,,,4.23800,456.000030E-3,
,,,4.24000,424.000025E-3,
,,,4.24200,392.00002E-3,
,,,4.24400,368.00003E-3,
,,,4.24600,352.00003E-3,
,,,4.24800,344.00001E-3,
,,,4.25000,336.00003E-3,
,,,4.25200,336.00003E-3,
,,,4.25400,336.00003E-3,
,,,4.25600,352.00003E-3,
,,,4.25800,368.00003E-3,
,,,4.26000,392.00002E-3,
,,,4.26200,416.000009E-3,
,,,4.26400,448.000014E-3,
,,,4.26600,488.000035E-3,
,,,4.26800,527.999997E-3,
,,,4.27000,568.000019E-3,
,,,4.27200,600.000024E-3,
,,,4.27400,640.000045E-3,
,,,4.27600,680.000007E-3,
,,,4.27800,720.000029E-3,
,,,4.28000,744.000018E-3,
,,,4.28200,752.000034E-3,
,,,4.28400,760.000050E-3,
,,,4.28600,760.000050E-3,
,,,4.28800,752.000034E-3,
,,,4.29000,736.000061E-3,
,,,4.29200,712.000012E-3,
,,,4.29400,680.000007E-3,
,,,4.29600,640.000045E-3,
,,,4.29800,600.000024E-3,
,,,4.30000,560.000002E-3,
,,,4.30200,520.000041E-3,
,,,4.30400,488.000035E-3,
,,,4.30600,448.000014E-3,
,,,4.30800,424.000025E-3,
,,,4.31000,392.00002E-3,
,,,4.31200,368.00003E-3,
,,,4.31400,352.00003E-3,
,,,4.31600,352.00003E-3,
,,,4.31800,336.00003E-3,
,,,4.32000,344.00001E-3,
,,,4.32200,344.00001E-3,
,,,4.32400,360.00001E-3,
,,,4.32600,376.00002E-3,
,,,4.32800,400.00001E-3,
,,,4.33000,424.000025E-3,
,,,4.33200,448.000014E-3,
,,,4.33400,488.000035E-3,
,,,4.33600,527.999997E-3,
,,,4.33800,568.000019E-3,
,,,4.34000,608.000040E-3,
,,,4.34200,648.000002E-3,
,,,4.34400,680.000007E-3,
,,,4.34600,712.000012E-3,
,,,4.34800,736.000061E-3,
,,,4.35000,752.000034E-3,
,,,4.35200,760.000050E-3,
,,,4.35400,752.000034E-3,
,,,4.35600,752.000034E-3,
,,,4.35800,728.000045E-3,
,,,4.36000,704.000056E-3,
,,,4.36200,672.000051E-3,
,,,4.36400,632.000029E-3,
,,,4.36600,600.000024E-3,
,,,4.36800,560.000002E-3,
,,,4.37000,520.000041E-3,
,,,4.37200,480.000019E-3,
,,,4.37400,448.000014E-3,
,,,4.37600,416.000009E-3,
,,,4.37800,392.00002E-3,
,,,4.38000,368.00003E-3,
,,,4.38200,352.00003E-3,
,,,4.38400,344.00001E-3,
,,,4.38600,336.00003E-3,
,,,4.38800,344.00001E-3,
,,,4.39000,352.00003E-3,
,,,4.39200,360.00001E-3,
,,,4.39400,376.00002E-3,
,,,4.39600,400.00001E-3,
,,,4.39800,424.000025E-3,
,,,4.40000,456.000030E-3,
,,,4.40200,496.000022E-3,
,,,4.40400,536.000013E-3,
,,,4.40600,568.000019E-3,
,,,4.40800,608.000040E-3,
,,,4.41000,648.000002E-3,
,,,4.41200,680.000007E-3,
,,,4.41400,704.000056E-3,
,,,4.41600,736.000061E-3,
,,,4.41800,744.000018E-3,
,,,4.42000,752.000034E-3,
,,,4.42200,752.000034E-3,
,,,4.42400,744.000018E-3,
,,,4.42600,720.000029E-3,
,,,4.42800,704.000056E-3,
,,,4.43000,664.000034E-3,
,,,4.43200,632.000029E-3,
,,,4.43400,592.000008E-3,
,,,4.43600,552.000046E-3,
,,,4.43800,520.000041E-3,
,,,4.44000,480.000019E-3,
,,,4.44200,448.000014E-3,
,,,4.44400,416.000009E-3,
,,,4.44600,392.00002E-3,
,,,4.44800,376.00002E-3,
,,,4.45000,360.00001E-3,
,,,4.45200,344.00001E-3,
,,,4.45400,344.00001E-3,
,,,4.45600,344.00001E-3,
,,,4.45800,352.00003E-3,
,,,4.46000,360.00001E-3,
,,,4.46200,376.00002E-3,
,,,4.46400,400.00001E-3,
,,,4.46600,432.000011E-3,
,,,4.46800,464.000016E-3,
,,,4.47000,504.000008E-3,
,,,4.47200,527.999997E-3,
,,,4.47400,568.000019E-3,
,,,4.47600,608.000040E-3,
,,,4.47800,648.000002E-3,
,,,4.48000,680.000007E-3,
,,,4.48200,704.000056E-3,
,,,4.48400,736.000061E-3,
,,,4.48600,744.000018E-3,
,,,4.48800,752.000034E-3,
,,,4.49000,744.000018E-3,
,,,4.49200,744.000018E-3,
,,,4.49400,720.000029E-3,
,,,4.49600,696.000040E-3,
,,,4.49800,664.000034E-3,
,,,4.50000,624.000013E-3,
,,,4.50200,584.000051E-3,
,,,4.50400,552.000046E-3,
,,,4.50600,512.000024E-3,
,,,4.50800,480.000019E-3,
,,,4.51000,448.000014E-3,
,,,4.51200,416.000009E-3,
,,,4.51400,392.00002E-3,
,,,4.51600,376.00002E-3,
,,,4.51800,360.00001E-3,
,,,4.52000,352.00003E-3,
,,,4.52200,344.00001E-3,
,,,4.52400,352.00003E-3,
,,,4.52600,360.00001E-3,
,,,4.52800,368.00003E-3,
,,,4.53000,384.00000E-3,
,,,4.53200,400.00001E-3,
,,,4.53400,440.000027E-3,
,,,4.53600,472.000033E-3,
,,,4.53800,504.000008E-3,
,,,4.54000,536.000013E-3,
,,,4.54200,576.000035E-3,
,,,4.54400,616.000056E-3,
,,,4.54600,656.000018E-3,
,,,4.54800,680.000007E-3,
,,,4.55000,712.000012E-3,
,,,4.55200,728.000045E-3,
,,,4.55400,744.000018E-3,
,,,4.55600,752.000034E-3,
,,,4.55800,744.000018E-3,
,,,4.56000,736.000061E-3,
,,,4.56200,712.000012E-3,
,,,4.56400,688.000023E-3,
,,,4.56600,656.000018E-3,
,,,4.56800,616.000056E-3,
,,,4.57000,584.000051E-3,
,,,4.57200,544.000030E-3,
,,,4.57400,512.000024E-3,
,,,4.57600,480.000019E-3,
,,,4.57800,440.000027E-3,
,,,4.58000,408.000022E-3,
,,,4.58200,392.00002E-3,
,,,4.58400,376.00002E-3,
,,,4.58600,360.00001E-3,
,,,4.58800,352.00003E-3,
,,,4.59000,344.00001E-3,
,,,4.59200,352.00003E-3,
,,,4.59400,360.00001E-3,
,,,4.59600,368.00003E-3,
,,,4.59800,392.00002E-3,
,,,4.60000,408.000022E-3,
,,,4.60200,440.000027E-3,
,,,4.60400,472.000033E-3,
,,,4.60600,504.000008E-3,
,,,4.60800,536.000013E-3,
,,,4.61000,576.000035E-3,
,,,4.61200,616.000056E-3,
,,,4.61400,656.000018E-3,
,,,4.61600,688.000023E-3,
,,,4.61800,712.000012E-3,
,,,4.62000,728.000045E-3,
,,,4.62200,744.000018E-3,
,,,4.62400,744.000018E-3,
,,,4.62600,744.000018E-3,
,,,4.62800,728.000045E-3,
,,,4.63000,704.000056E-3,
,,,4.63200,680.000007E-3,
,,,4.63400,656.000018E-3,
,,,4.63600,616.000056E-3,
,,,4.63800,576.000035E-3,
,,,4.64000,544.000030E-3,
,,,4.64200,504.000008E-3,
,,,4.64400,480.000019E-3,
,,,4.64600,440.000027E-3,
,,,4.64800,408.000022E-3,
,,,4.65000,384.00000E-3,
,,,4.65200,376.00002E-3,
,,,4.65400,360.00001E-3,
,,,4.65600,352.00003E-3,
,,,4.65800,352.00003E-3,
,,,4.66000,352.00003E-3,
,,,4.66200,360.00001E-3,
,,,4.66400,376.00002E-3,
,,,4.66600,392.00002E-3,
,,,4.66800,408.000022E-3,
,,,4.67000,440.000027E-3,
,,,4.67200,472.000033E-3,
,,,4.67400,512.000024E-3,
,,,4.67600,544.000030E-3,
,,,4.67800,576.000035E-3,
,,,4.68000,616.000056E-3,
,,,4.68200,648.000002E-3,
,,,4.68400,688.000023E-3,
,,,4.68600,712.000012E-3,
,,,4.68800,728.000045E-3,
,,,4.69000,744.000018E-3,
,,,4.69200,744.000018E-3,
,,,4.69400,744.000018E-3,
,,,4.69600,728.000045E-3,
,,,4.69800,704.000056E-3,
,,,4.70000,680.000007E-3,
,,,4.70200,648.000002E-3,
,,,4.70400,616.000056E-3,
,,,4.70600,576.000035E-3,
,,,4.70800,536.000013E-3,
,,,4.71000,504.000008E-3,
,,,4.71200,472.000033E-3,
,,,4.71400,440.000027E-3,
,,,4.71600,416.000009E-3,
,,,4.71800,392.00002E-3,
,,,4.72000,376.00002E-3,
,,,4.72200,360.00001E-3,
,,,4.72400,360.00001E-3,
,,,4.72600,360.00001E-3,
,,,4.72800,352.00003E-3,
,,,4.73000,360.00001E-3,
,,,4.73200,376.00002E-3,
,,,4.73400,392.00002E-3,
,,,4.73600,416.000009E-3,
,,,4.73800,448.000014E-3,
